"sys_loadingid","sys_cdc","sys_checksum","kundeid","vereinspartnerid","vorname","name","geschlecht","geburtsdatum","telefon","mobil","email","kreditkarte","gueltigbis","kkfirma"
1,I,0x3a402a0da410343a2c46255b83b620df3cc88ff84429c2bd37d023c007aff79f,"181",VolleRose,Amy,Landeck,w,1909-11-06,"02663/56384371",,amy_landeck@justmail.none,"0000 5453 2612 0200","01/00",VISA
1,I,0xf7dd2c0b52ac63befcd4676440874635b1f0bd96aedd295941ba9469a3117c96,"131",,Hannelie,Dopfer,,1996-10-23,,"0156/7415251",h-dopfer@ultramail.none,"0000 9650 7500 9400","04/16",VISA
1,I,0x0c3758f3e608bbd71115fe35179fb3a86091278cafa96282498829e5a7065fb4,"243",,Dora,Schwark,w,1955-06-21,"04845/74034879","0172/7480425",dora-1955@mymail.none,"0000 7660 0699 2600","05/16",VISA
1,I,0xafe76bb178cd2cc551bd9c3fbd311a807f4fc0066e52f37ad8895169e490aab2,"135",Ruhrmorig,Holk,Wilms,d,1958-01-14,"07243/1270334","0174/7421839",holk-wilms@company.none,"0000 7929 2657 4700","01/17",VISA
1,I,0x0b7fc063bb8d0b03e15ae1a141b3f7ca3b1b42997c8600719da4b0038741962c,"94",GlückAuf,Babette,Rößner,w,1921-06-17,,"0153/1866257",babetteroessner@domain.none,"0000 0357 4700 4700","12/20",American Express
1,I,0x809f216cea14c002450ed7949d473d8d33cbb0ed57e48818c2ffa2a671c77327,"294",WochenendGLück,Renate,Zentner,w,1971-03-07,"07152/71347125","0172/1148249",rzentner@hoster.none,"0000 9732 0613 8400","01/21",VISA
1,I,0xcae32d5080c7a16fab4e8aff0d7d365a01b06b029eba983ce9efa320fba14945,"25",VolleRose,Rochus,Pfister,,1969-12-19,"09965/44889098","0169/2055638",rochus.pfister@xyz.none,"0000 5476 0694 6800","03/21",VISA
1,I,0x8942deefe5fc0898d94399a39fddca6e458e629180df0fcb34ece55c3f0a866f,"204",,Myriam,Höfer,w,1920-09-11,"030/18118928","0152/3599532",myriamhoefer@spam-mail.none,"0000 5645 8410 3100","11/00",American Express
1,I,0x3f2617c8027373d45a8bd4f0552a63ae60843cb2fc6ad4b4c980b02f637eefcd,"82",,Nik,Lindemann,m,1977-09-01,,,niklindemann@open-mail.none,"0000 2668 3500 4800","09/97",Mastercard
1,I,0x5dc396b313480008263e8a40c293d3a84dda4e0d1b4eaeaf0d4c74c80587b6b2,"157",,Anneke,Obermann,w,1939-07-28,"08122/52800493","0160/7837252",anneke_obermann@funmail.none,"0000 1973 4514 5000","03/19",VISA
1,I,0xf5d547cfa0499de22739fed8102ba2aeeb2861da1c81b899deb1caf5e32f0a97,"68",GlückAuf,Ambros,Hanemann,m,1988-08-25,"05875/61951269","0168/2390726",ambroshanemann@spam-mail.none,"0000 9333 0600 9800","11/12",American Express
1,I,0x7db0be90fa1ccf2ade461e482b637d08d3832ec0901c2fbc62f875428520473d,"43",,Helena,Pauli,w,1971-11-18,"08392/37548890","0153/6302491",helena-pauli@net-mail.none,"0000 8351 0500 1500","05/20",VISA
1,I,0x17cdf4b77e3f9639ab0ef50688e6563906e5d80249ff8bcbf5baaa22d6a8ea76,"32",Blaetterglueck,Celia,Strittmatter,w,2020-12-07,,"0166/6077249",c.strittmatter@anymail.none,"0000 4170 0543 0600","05/99",VISA
1,I,0x4b1f0538469f62e288af8fd2437322dcfe811f55648fe8d32240d3122175a75d,"70",Ruhrmorig,Jörn,Göpfert,m,1923-12-08,"02691/2774377","0150/5469457",joern.goepfert@justmail.none,"0000 8272 0691 1900","09/19",Mastercard
1,I,0xd41210feba50373acedd5bbdcf54e9cbe6f05cce3a10865def0dd40cac4e4272,"104",,Sigfried,Veith,m,1955-06-22,,,sigfried_veith@quickmail.none,"0000 1570 0518 0500","10/90",Mastercard
1,I,0x99e77a4d53d385ba22340936f4eec1dbed565881574b8904adff0db97d240bc2,"87",,Hansgerd,Lautner,m,1946-01-27,"03973/38898490","0166/7147530",h.lautner@web.none,"0000 7653 3500 0000","07/18",Mastercard
1,I,0xbe029eb73d84cb83c0d3f177a7da282a76e64e642b7d1ba0be1695ead2a75bf7,"10",Druff1848,Elgine,Röhrle,w,1910-03-22,,,elgineroehrle@quickmail.none,"0000 8487 0962 1400","08/17",Mastercard
1,I,0xc6d7f4b1d23a0d1467315fc4695ef2e50e87b51823637d5b7635003a49473113,"258",,Delf,Klinke,m,1957-05-08,"08282/45929127","0166/8766411",d_klinke@net-mail.none,"0000 0960 0697 1000","02/10",VISA
1,I,0x03b53542163c2575b08303b0b6a8e475caa70f0e55db1c6f51c101610ac9b6cf,"186",,Sascha,Weyer,d,1930-12-08,"03907/91547360","0179/8940136",s.30@xyz.none,"0000 8757 6622 6300","04/94",VISA
1,I,0x3b628b35642209c25e9a276550387f0f21a196074359e6b1f679d08d180fb84e,"7",,Bettina,Pilgrim,w,1967-01-25,"04533/19946621","0163/9688384",bettina-pilgrim@anymail.none,"0000 0225 6916 3300","06/13",Mastercard
1,I,0x9eb08d93936a0f469944bb805bccd070be5cf3253158726b64acd918ef2b1a60,"160",,Doraline,Fehling,w,1976-02-24,"04283/90175873",,d.fehling@anymail.none,"0000 8078 0608 9600","12/15",American Express
1,I,0xff10bbdfffc562f43d9c725d06bd18e3409f2f4339c8093842030626da6390e4,"140",Druff1848,Merten,Bernhardt,,1986-08-14,,,merten.bernhardt@goggle-mail.none,"0000 4832 0603 6200","06/83",Mastercard
1,I,0xac4896b2699cc84d40cc2f2802fdd357f622c37399703b82d7c541948af3bd2e,"224",GlückAuf,Simone,Lill,w,1935-06-01,"03606/1082569","0177/4307786",simone.lill@quickmail.none,"0000 0220 0100 2000","09/10",Mastercard
1,I,0xa1e0779a6ae1c25268119d91abd42ce46c5bbe77bc435587f4fae448577a2552,"188",Blaetterglueck,Irlanda,Sirch,w,1969-12-23,"06764/99222348",,i_sirch@net-mail.none,"0000 6550 0617 4100","11/06",American Express
1,I,0x898086ca2410f2d7d8744082846740efa7148deefb479e6ccfa76540fa8530ff,"208",,Hanno,Händler,m,1986-12-08,"0681/86607563","0171/4251691",hanno-haendler@quickmail.none,"0000 2813 0700 0000","11/13",American Express
1,I,0x3955633a8059413324a7ad198bcee3544acb53623c8a2f5b89de759f3bc4e7e5,"126",,Gottwald,Lichtenberger,m,1936-07-05,"06563/44424869","0160/5202612",glichtenberger@inter-mail.none,"0000 1776 0694 6800","08/19",Mastercard
1,I,0x031bc9c284be2c5c50cbffc674d443b39992a47f66f83a2c09a4f3314898d0f7,"144",,Helwig,Stone,m,1968-05-07,"07451/52326173","0170/2740914",h_stone@email.none,"0000 7320 7500 0000","06/20",Mastercard
1,I,0x05718bb6a5f91856e59ddac09a2cda4e9d1aed466429713fb5ee7c99608fba91,"37",,Ottilie,Kratz,w,2017-11-08,,"0162/4702019",ottilie-kratz@net-mail.none,"0000 8556 0900 0000","12/93",American Express
1,I,0xaf25a232c3351e060ff1b623690b6518fa0ecd8def0265c448820df0551b298b,"6",Blaetterglueck,Leoni,Peuker,w,1976-11-05,"06542/8898003","0158/7935398",leoni_peuker@justmail.none,"0000 7985 0501 0000","12/05",American Express
1,I,0x10467e3d18f4ceb2239071615fd8752e2a30ed0cc407bb4c65a5d445410855f8,"278",Ruhrmorig,Willmar,Goeke,,1999-01-30,"030/21998343","0159/4854445",willmar.goeke@anymail.none,"0000 4075 0500 0000","09/00",Mastercard
1,I,0x472c0c52f684eec2819ec589231f89031fceb55037de7181e04e72254ed3d34a,"127",Druff1848,Sighilde,Allmendinger,w,1970-11-18,"04834/82684812","0159/4743966",sighilde-allmendinger@ultramail.none,"0000 1874 1641 4900","11/20",American Express
1,I,0x42a9b0ccd0734c0c0ee0218d5d521558869a84e625c36ddb3e09ae11bdf609b4,"56",,Ilselore,Max,w,1934-01-23,"05162/73083498",,ilseloremax@web.none,"0000 4326 5626 9400","11/14",American Express
1,I,0xcb7e94e6b0ed590637478ea05682cf9d04bcf1841f61466a5258c52622f7222f,"276",GlückAuf,Gerdhild,Doppelpunkt,w,2013-07-26,,"0165/6396952",gerdhild_13@hoster.none,"0000 1769 4900 0000","05/15",VISA
1,I,0xb4a3e0de86ff225952cefa990ad5966af3b02c328074a3c0a57485b9831fd655,"271",,Ludolf,Olszewski,m,1937-12-05,,"0172/6058936",ludolf.olszewski@goggle-mail.none,"0000 3581 0700 2400","08/09",Mastercard
1,I,0x98295a3c89d1f9fb765446b24f34b40214cfbb030dce4dd80efddce9e31e9575,"147",,Achim,Reineke,m,1986-03-13,,"0161/3220482",achim.1986@bestmail.none,"0000 8943 0609 6700","06/20",Mastercard
1,I,0x1abba2e0bfcc76d3dedc8ad48f7158e01ea386df3bb6de1a1c860aa6ad415d8b,"260",,Beat,Engemann,m,1981-09-27,"03386/58526402","0175/2202036",beat-engemann@funmail.none,"0000 3352 0604 1000","08/19",Mastercard
1,I,0x4fb79be178640be6d449462052b655ac9fd7799cfc8318e73cf2ff3f4a725c88,"244",Druff1848,Sergius,Vega,m,1928-11-10,"06861/37225719","0174/5550486",s-1928@justmail.none,"0000 6981 0700 2400","12/02",American Express
1,I,0x002fda2292bcc72d1171eb0feaa430118cf67b40ead19f7951f0b9cc83462a93,"8",WochenendGLück,Karin,Hübler,w,1970-04-17,"0671/21250949","0177/3624772",karin-1970@xyz.none,"0000 6429 2400 2400","09/12",Mastercard
1,I,0xed1a885b6d59ac634a6b57843a445f74f9c1b01ff3f1613018d765a2e37860f3,"233",VolleRose,Gertraude,Maul,,1966-01-22,"02662/53721352",,gertraude.maul@justmail.none,"0000 8163 0500 0000","12/09",American Express
1,I,0x7a567d8665e635a9c7abfb3558a07f4f276e9d286dff0f683312043458d1f842,"230",,Carolin,Hoppen,w,1991-05-07,"02426/55749252","0155/2701099",c.hoppen@justmail.none,"0000 9170 1696 1400","08/16",Mastercard
1,I,0x3ab9735b90d9b1ccb06faf574cac312c8b9baa996567decfa6cee8b9cec6c7e8,"172",GlückAuf,Ludwig,Klingelhöfer,,2015-05-12,,"0173/5162584",ludwig.klingelhoefer@hoster.none,"0000 8246 0600 4000","12/92",American Express
1,I,0x64f962203821abd8ba5619ec740a727ad2aa493b1c4a05a715c2b3a9ce5ce938,"101",Druff1848,Anouschka,Schwegmann,d,1975-12-08,"06361/36776096","0164/2432738",anouschka.schwegmann@mymail.none,"0000 6071 0500 0000","12/18",American Express
1,I,0xc4071ce4df275459059c08ac97341f648f3412ef281c0828d5a2e5d5171ddbfe,"62",Druff1848,Horst,Manning,d,1950-04-15,"06550/10492762","0168/7214764",horst_manning@domain.none,"0000 2730 1308 0000","11/17",American Express
1,I,0xf3359a61b0430c9a9c9966145e5cbb91db02e4d09e7c1df5f708fb3c6ea932f5,"143",,Karleugen,Perry,,1917-08-27,"0511/70719831",,karleugen17@email.none,"0000 6150 2304 0000","12/88",American Express
1,I,0xf7cbd34e7fc1ae2a150017d624f73b94037d967515e8ff04448ddc0d5af41d87,"20",,Valerie,Rolf,w,1990-08-12,"07345/60576343",,valerie-rolf@kitty.none,"0000 4820 7300 0700","10/97",Mastercard
1,I,0x34a53b2c2f5de4160112d937fd9175d6f9d24bcc493431eff83fb89c6da997a2,"285",VolleRose,Marcus,Hachmeister,,1927-07-22,"04532/21308925","0178/3706843",mhachmeister@retromail.none,"0000 8825 7500 0100","02/18",VISA
1,I,0x80a41726b96cffb908bf794fa2e29846fedcfd58104a1aad1f78ed2d403a7049,"16",GlückAuf,Alinde,Rühling,w,1975-03-10,"05905/19958701","0150/3217238",a-ruehling@bestmail.none,"0000 1551 1519 1900","07/01",Mastercard
1,I,0x73a0ec85447cdf216d6dac5f44e2c137b398eb432de83e758e060bf5a6402a83,"246",VolleRose,Clivia,Pinter,d,1907-03-09,"06274/94732093",,clivia.pinter@private.none,"0000 7277 0621 3900","02/20",VISA
1,I,0xd7a7a1fe9fac9529d26feb92f4b797ab1d4975f5b7bdaac8038e33b10f992d49,"194",VolleRose,Kurd,Tiemann,,2002-03-19,"0421/15547423","0152/2727573",k.tiemann@email.none,"0000 8821 6900 2000","10/08",Mastercard
1,I,0x962afb366979697567f975d1093ac7bc89fdb91dffa6c9cf793242bdf283f170,"237",GlückAuf,Nathanael,Ebersbach,m,1950-10-27,"09408/94146966","0163/8487760",n1950@open-mail.none,"0000 3874 0500 0000","02/18",VISA
1,I,0x6da340d8b3e241c3f9c3cf2ceb7d76d5d64c50fb16e20e2d786dcaf77fc83059,"226",Ruhrmorig,Rico,Cunningham,m,1912-11-04,"0621/59106356",,rico-1912@goggle-mail.none,"0000 2820 0300 0000","06/15",Mastercard
1,I,0xdb18bb7b6ac800fa0f8b28c12927e7897ec2baf0b4ca18751e652e7e95856857,"234",,Eckhold,Pinter,m,1928-06-03,"02681/59591009","0151/2767052",eckhold_pinter@live-mail.none,"0000 1570 1694 6500","02/93",VISA
1,I,0x9daee33baffae4b5a6eb1d58e283881624a698e73ee5fef3438de36d6cd651fe,"163",,Margret,Schnoor,,1918-11-10,,"0154/5528051",margret.schnoor@private.none,"0000 8784 0800 0000","07/08",Mastercard
1,I,0x86d627bcba0e67bd20063e6c026a8269f19d8da921335614c0705285a85e9c73,"190",WochenendGLück,Elke,Olbrich,w,1970-04-29,,"0157/5520925",elke.olbrich@kitty.none,"0000 7272 0691 1300","10/20",Mastercard
1,I,0xffda9fb61fc60008f8297fdf8e5bd38cfa23e6fb126d270d9a0fb16d3d36b755,"247",,Traudl,Vaughn,,1941-04-05,"07161/7414254","0170/2160981",tvaughn@open-mail.none,"0000 9525 6501 0600","11/16",American Express
1,I,0x82354ddfb83379a08143e671ca39b386c8b5807d1f8bcb2de302e5fa7fda5992,"187",Ruhrmorig,Hansjürgen,Dirks,m,1985-07-22,,"0179/8784231",hansjuergen_dirks@goggle-mail.none,"0000 6261 2612 1300","11/20",American Express
1,I,0x52883658e072f6cb569f65ad1b3a9cd2ebfc886bac23c74d1c6aa3525bcad8e2,"125",WochenendGLück,Eileen,Poppinga,w,1962-02-19,"07531/8313514",,eileenpoppinga@anymail.none,"0000 4558 5501 3000","10/13",Mastercard
1,I,0xdbb40ddbf9c056013b9469775d1f0d9507dfc40c9c11bd218945fa2724f355db,"183",,Sybil,Rosendahl,w,1979-04-07,"02685/81299487",,srosendahl@xyz.none,"0000 2170 2501 5000","03/12",VISA
1,I,0x74b1826368c9e1f51e06498daad2d5d8a7ce46868bc3bbce9402aed24db102b5,"23",Druff1848,Arnbert,Tietje,m,1988-09-19,"0591/59644531","0159/3358890",arnbert-1988@web.none,"0000 3428 0699 9400","11/09",American Express
1,I,0x9739c18f7bfa72375ba4e80541dd477759fbfe3cc95e15d9f19ec52367e70e61,"228",,Monika,Ruß,w,1936-03-15,"02741/42443750",,monika_36@anymail.none,"0000 2768 3915 0000","09/16",Mastercard
1,I,0xe1379a3abb24d937df0287b26d69ee890e7ad72b4e18c3afb9c9e6687c8ac7c6,"281",WochenendGLück,Otger,Rennert,m,1958-06-26,,"0170/2976998",otger-rennert@validmail.none,"0000 4858 5601 0300","09/85",Mastercard
1,I,0xa10ecbe93758d07d85aee20f9cbe4eb88c99cc2297dad27a14c4db6c04009970,"141",,Robin,Zoeller,m,1979-05-18,,"0163/9813343",r-zoeller@net-mail.none,"0000 0585 0550 0000","11/15",American Express
1,I,0xa62d2ce6de1f7381a81d0713ec79670443c2344f21e0252cddd83d8b2a83c949,"256",,Jeannine,Hofmann,w,1931-11-23,"08639/63486674","0175/2085713",jeannine.1931@anymail.none,"0000 0729 1656 8100","09/17",Mastercard
1,I,0x574ad072d10f39b6e7244efb6355a0a92b683f137b9fbd86fc77a8ee356ecc3a,"72",,Magdalene,Fritsche,w,2020-12-25,,"0172/8658234",magdalene.20@goggle-mail.none,"0000 7376 3515 6000","12/17",American Express
1,I,0x363f16bb802bf342bdb6e09da41f6114128163430671f7062e9c31ffe2db4d56,"59",,Karlfried,Bertram,m,1946-09-16,,"0177/1740225",karlfriedbertram@spam-mail.none,"0000 3747 2700 2900","08/03",Mastercard
1,I,0xb7ac24d00af7739eb379e84b5ca10c1b9ce6ce5dff14506771a948672d588566,"299",,Sybilla,Goltz,,2005-09-06,"02692/75091599","0164/1787899",s.05@private.none,"0000 1570 0932 0000","07/11",Mastercard
1,I,0x05f049f84d26bc3a7a9cfe1a4696445f8cc22d83077a7320954147ec37e2402c,"122",Ruhrmorig,Jessica,Reißig,w,2009-06-22,"04305/43834509","0170/8475308",j.reissig@validmail.none,"0000 7636 0800 8000","08/05",Mastercard
1,I,0xe048a911c7d9ba0426f5b99908d741627f63b40bc60604a2ee30a03dca496e25,"197",,Ingelore,Marktschreier,,1902-03-25,,"0166/6001650",ingelore02@open-mail.none,"0000 7268 4522 9000","06/96",Mastercard
1,I,0xfae29a741635387f9a5fa88fe5abdb65e08900cb069b6a40ab9ba35aa84bbd1d,"100",,Friedlieb,Jimenez,m,1936-07-13,"06554/48617409",,friedlieb.jimenez@net-mail.none,"0000 5766 2914 0000","06/99",Mastercard
1,I,0x34e6e62ea16ab57d655382c9231a097d45f871e3be8dcdcd8965a8d3679cc8ec,"106",,Rosely,Eggers,w,1974-01-18,"06771/25012286","0154/7614104",rosely_1974@quickmail.none,"0000 5720 0400 0000","02/83",VISA
1,I,0xa34e07edbd100e905cd288a7ba37c7c6c067e3d713e062f95fa2291b5a31c437,"171",,Eileen,Köhler,w,1976-10-03,"0481/60166219",,eileenkoehler@private.none,"0000 6628 0906 3300","11/13",American Express
1,I,0x62b8bbee3e091978ed0466872330e865c8b6738a2cfeb92762fee3a780ba0114,"84",Blaetterglueck,Wolfgard,Gabel,w,1902-06-05,"04281/7179799","0160/5921773",wolfgard-gabel@anymail.none,"0000 2657 0928 0000","09/20",Mastercard
1,I,0x251444af25a51f95a11bf5d8d84a60f1870cee692b1d8e8fbe3ef4e9d48fc340,"113",,Lotta,Wüstefeld,w,1964-01-08,,,l_wuestefeld@trashmail.none,"0000 7547 2601 2100","11/14",American Express
1,I,0xe4e5e43e524b400875661140340ef4504b31ac4c023827486ad13451bd3aac78,"275",,Bertolt,Häußermann,,2004-08-11,"05192/42387229","0167/7320037",b.haeussermann@spam-mail.none,"0000 2386 0101 1100","04/84",VISA
1,I,0xcb7ca83a764c4348af6f3c1b4e480a8ea62e9ed9a32f4ea0491c818532bc57f4,"196",,Leongard,Kunzmann,w,2017-06-30,"05383/3869166","0169/8913694",lkunzmann@private.none,"0000 7350 2101 3900","10/07",Mastercard
1,I,0x3013c32f0756a2c40e230102a4e3a2e627dfa5470649fe0a9b10e24bc1d4592a,"4",,Siegfried,Wolk,m,2020-05-17,"04441/45086066","0167/6560685",siegfriedwolk@funmail.none,"0000 3966 0700 2400","09/18",Mastercard
1,I,0x8fadec057654839a4d7f365e5c18c64fcefa4188e60f2ee6584034e6ad7c6431,"205",Druff1848,Hanfried,Zeiske,m,1959-08-25,"05182/72351912","0156/9613255",h-zeiske@validmail.none,"0000 2526 0624 3300","08/19",Mastercard
1,I,0x9b0791d7ce0c9e9b7250073edde96eb42679cff416336988e5c8236c7fc323d6,"34",WochenendGLück,Edelgard,Becherer,w,1924-08-31,"06201/9462228","0169/7161130",e-1924@domain.none,"0000 0365 0501 1000","04/19",VISA
1,I,0x18cbd773131ca35613e6a0670dcac58d42693ac757722a3c5e8ee345eee7b574,"287",,Rosmarie,Mages,,1953-02-04,"06634/29172594","0161/5134955",r_1953@kitty.none,"0000 6336 0400 8500","09/89",Mastercard
1,I,0xc0440464e50168fea036fe83815307455acbb0a1b7a8931d7196575bd006da38,"149",Blaetterglueck,Erk,Graber,m,2008-03-16,"06371/31100223","0179/9029001",egraber@trashmail.none,"0000 4815 0505 0000","03/09",VISA
1,I,0x49e7995e2a1f22c762a1dc1874053f3aa440430154b43e57268c2b832ab7d5bd,"259",VolleRose,Centa,Geißler,w,1938-04-13,"0202/22065973","0173/4916999",centageissler@kitty.none,"0000 6152 4109 0000","09/19",Mastercard
1,I,0xb0fdf0ff181f282e398e88ff4ae129091ef9c4dfd6133ca502b7cbfb5c91a915,"75",Druff1848,Griseldis,Fahrner,w,1934-11-19,"02691/12234171","0178/6842406",griseldis34@net-mail.none,"0000 0380 0800 0000","03/15",VISA
1,I,0xa4976119162924742f441baa9761712a0eb033c1605b80383a6d36057e26ee3d,"217",,Manuela,Stiehler,d,1974-05-28,"05952/92253501","0165/8553436",m.stiehler@goggle-mail.none,"0000 6074 2601 1000","10/14",Mastercard
1,I,0x9efe42fd5a242fd171399284b2145739e61d8fc1e83338c5efca6f054cb54774,"175",Blaetterglueck,Ingmar,Endler,m,1962-02-10,"06541/22731521","0158/5647872",i.endler@domain.none,"0000 0515 0800 0000","09/03",Mastercard
1,I,0x462cdd8120be39d956c3ba5434e0d8d692764e92cac03836ce436e7f30c9a970,"60",WochenendGLück,Vivien,Kokott,w,2015-03-13,,"0173/5817542",vivien.kokott@retromail.none,"0000 2576 0260 0000","12/17",American Express
1,I,0x941bea6a15fdf6521d3c443e3cf3a3d9c4c195a5a175e5ddc9eefc3e363ad2cc,"280",,Hildrun,Kiene,w,1976-07-24,"06053/80897733","0165/1408501",hildrun_kiene@company.none,"0000 7750 1209 0000","01/07",VISA
1,I,0x5307aafc23df1e3bf39740b94eb498e27a496d2f72bab4ad1146579ab1c09c03,"81",GlückAuf,Rosa,Wendler,w,2002-03-24,"0821/24195966",,rosa_wendler@retromail.none,"0000 7257 6500 1000","02/15",VISA
1,I,0x17540b8e6e0ed01a5bb5e32be63f6c4a758e17806e83cf8327235714649fbdab,"51",VolleRose,Evelore,Bruno,,1906-07-10,"03996/15982107","0154/6832603",evelore.bruno@anymail.none,"0000 9154 0616 5000","07/20",Mastercard
1,I,0x3d81aa9cc8ce953cfddc2e88e29d58382c8341d1c70393ca70b450645de8e758,"191",,Nikolaus,Gölz,m,1915-01-25,"07044/47166104","0156/2613451",nikolaus_goelz@hoster.none,"0000 2532 0500 0000","05/10",VISA
1,I,0xf856dbb1b5c7bc7ae4a78d981f8061e0c0f8d609831cb15c2fb88f7610c1538a,"50",,Elfy,Clayton,w,1941-02-03,"08641/3459764","0162/6542216",elfyclayton@open-mail.none,"0000 4754 0502 2000","03/20",VISA
1,I,0x817d960fadd7e052888eda9adaf837de6e4bcb000e323214c7501d1a47636f0e,"223",,Wolfram,Ammermann,,1971-07-24,"02365/17533849","0156/7533711",w.ammermann@open-mail.none,"0000 3974 1200 7100","05/14",VISA
1,I,0xaacf807585967c05cbeb66aed37abf861d764601e996c4f34e09e42cec7158dc,"293",,Leandra,Koplin,,1923-11-20,"04191/16139629","0160/1490461",lkoplin@domain.none,"0000 4228 0697 7300","01/13",VISA
1,I,0x2b86fdad2128567ed309951b41379160e54e592eaffbc724485495d6bfe475cf,"219",,Marfried,Speicher,m,1979-03-18,"0711/8420089","0169/5870081",m.1979@web.none,"0000 1566 0603 0000","10/94",Mastercard
1,I,0x7d333affbb02a8daa2d198a71580bd59bacd73b24c60f63eda72d09c28444930,"211",GlückAuf,Anje,Weingart,,1914-07-19,"06622/91028119","0167/1491436",aweingart@goggle-mail.none,"0000 2367 0512 0300","02/97",VISA
1,I,0x485bfd1cd135c53438f43c4cc30eb0e3421d5f4c18aa53e263f281d036648fe5,"250",GlückAuf,Margret,Reinig,w,1906-06-06,"09131/71483872","0153/4083348",margret.reinig@funmail.none,"0000 3128 0690 9200","11/12",American Express
1,I,0xf198809be01093e5d85eaee5b5e47f43f15e8a2d8c6ccd9816718ca6f80dd22d,"151",WochenendGLück,Rosely,Dann,w,2015-02-04,"03371/15260417","0152/8070120",rosely_dann@justmail.none,"0000 9185 5900 0000","11/14",American Express
1,I,0x36af7b973da28b1e38206f45c4283990225d201a0e4ac329092c55b9b1414f10,"202",,Emely,Patz,w,1966-11-06,"06136/30678943",,emely.patz@quickmail.none,"0000 2465 0920 1000","09/94",Mastercard
1,I,0x31c5f6be4e7ad0c8745bcbf62c33da1f59e808076bd36a101a80ac89bbd3f61a,"35",,Hans,Baumstark,m,2020-01-21,"02753/84805400","0150/2469028",hans.baumstark@quickmail.none,"0000 1937 0502 9900","10/06",Mastercard
1,I,0xfbd6e5fd2d6bfe7201957c4d7cc1a7ca2a48d1a93a90abdf7f1cd8e9cba11a5f,"155",VolleRose,Irminfried,Schreiber,m,1951-07-18,"04344/96745640","0165/1164161",irminfried.schreiber@private.none,"0000 2428 0216 2300","06/87",Mastercard
1,I,0xc9d5830ff23dcbce00df17caee72c59025ad10c2035e89b27ddd516d6906e8e2,"53",,Friedgard,Hövel,w,1956-12-28,"08034/83799366",,friedgard.hoevel@open-mail.none,"0000 3783 0944 5400","02/20",VISA
1,I,0xa510132ff1d7814913e6397dac8474467dfe639ca8460ddea7a7493c037597bf,"90",VolleRose,Christhelm,Neuendorf,,1962-06-05,"06586/52208040",,cneuendorf@quickmail.none,"0000 7560 0501 0100","07/16",Mastercard
1,I,0xaa6c292b1792385d2106f494432013b1ed636f3f5b69e758524714925cb7d7a1,"167",,Eckehart,Mehrens,m,1945-04-18,,"0157/3773901",e.mehrens@anymail.none,"0000 5270 0510 0300","03/10",VISA
1,I,0xa370c4085a0603d7f6bee1ace79c91c845776107fe05f954f006bebe85984906,"11",,Hildburga,Marin,w,1946-02-14,,"0152/3695675",hildburga_marin@quickmail.none,"0000 4768 0642 2200","04/21",VISA
1,I,0xe58499adefa8254a1d115bde779bfd11908f839d46cd101bcff2497a8975d795,"220",VolleRose,Nik,Maßmann,,1911-11-18,,"0169/4945947",n_massmann@private.none,"0000 1580 0400 0000","04/13",VISA
1,I,0x2bf523dc2657dcef583811a678d8a3bf6157091ea83c65e19546d47ad76e8cf8,"245",,Carsten,Giering,,2020-08-01,"02271/80678378","0172/6798763",carsten_20@mymail.none,"0000 3912 0965 9700","05/08",VISA
1,I,0xea2499972fb69c34321a85b9652fbc3601e4e6360025031585533b490e17f28e,"170",,Ilka,Wiemer,w,1938-08-13,"0551/13724446","0161/8288861",i-wiemer@company.none,"0000 4966 5500 7000","02/16",VISA
1,I,0x9a2a2a0f74828e24ef97ff001eb4a53a18979912e87550e2b2a85e4368a16a62,"74",,Edelinde,Nehring,,1978-08-02,"06486/22166869","0158/6964270",edelinde-1978@open-mail.none,"0000 6050 6521 2400","05/01",VISA
1,I,0x3c854f327b09f8add521c27b12dec9189e13c7653d0b94d5b55a6680f045d715,"182",,Dankwart,Bockholt,m,1937-02-11,"06346/29907604","0173/7903917",d1937@ultramail.none,"0000 2269 4917 0000","06/19",Mastercard
1,I,0x9a83653ffb1fcf847ec6d477e1217a417f447e91207001be2072c2b0333e9c4b,"116",VolleRose,Erkhild,Bödecker,w,1965-10-28,"02131/88434418","0170/4707150",e-boedecker@open-mail.none,"0000 3648 0700 2000","11/11",American Express
1,I,0x955d3aa3604a0f0464bcae56a58302f3291fca9647c3f3493bf1d2c2c91475a2,"108",,Willibert,Wanders,,1932-01-18,"07025/19172323","0179/3613414",willibert_wanders@justmail.none,"0000 6558 6619 0100","01/16",VISA
1,I,0x3b1806a10fc387de347d74a58d74afda565ec0702dd3ab21b0e61d70b88c1954,"128",,Ulwin,Reidenbach,,1961-08-26,"05751/85481576","0175/4401688",ureidenbach@bestmail.none,"0000 0818 0550 0000","04/90",VISA
1,I,0x7fe11c7c54a8858c2819bbe1a42a4a88562a042dbbc8b51c660941bdaa5aea18,"69",,Kathrina,Lüttich,d,1955-07-24,"02692/44265118","0156/5593583",kathrina_luettich@funmail.none,"0000 6624 0603 0000","09/01",Mastercard
1,I,0xd158a4d00d4d000b3094bc675ba09897cc7d8ffb8648e78f0f0030266ca92699,"99",WochenendGLück,Karlheinrich,Conrady,m,1967-06-16,,"0165/1342200",karlheinrich_conrady@validmail.none,"0000 8770 0905 0000","07/87",Mastercard
1,I,0x55bd63d8666d701ac10fe8e5666956a6589563eca45578a9d8eb66958a449b2c,"174",Ruhrmorig,Antonie,Juraschek,w,2009-05-01,"08654/32494493","0158/7010623",antoniejuraschek@goggle-mail.none,"0000 9772 0693 0800","09/05",Mastercard
1,I,0xeddadb506740147aeb4b23c43cdd6b03fdbf6401bee0618b72c8d3bca5a582c3,"28",,Carola,Ostermeier,w,1905-10-07,"06551/50428822","0171/3461070",c-ostermeier@justmail.none,"0000 7968 4522 9000","07/93",Mastercard
1,I,0x402276cb21fd053816912a2ebd6356befc3722ef2e5d0b8667a7f73650aee923,"210",,Helmward,Engelbert,m,2009-01-16,"06361/70752682","0177/7048497",h.engelbert@spam-mail.none,"0000 9270 0400 4800","03/18",VISA
1,I,0x4190320c5a6c5629d618292be8f0a4cd08f5bb6abb50b8435f2755c560db1541,"153",Druff1848,Wilbrand,Kasimir,m,1946-10-29,"06771/91648909","0159/5669625",wilbrand-kasimir@inter-mail.none,"0000 7079 1614 9900","11/02",American Express
1,I,0xf07b3cef2080783f1ec146402fc1aab195ac71a8f9f5fdc103934e84fb74be13,"124",,Dario,Rohlfs,m,1914-11-07,,"0170/3402421",dario.rohlfs@quickmail.none,"0000 7072 1608 1800","10/05",Mastercard
1,I,0x58d6a177418f8ced1096e8afb6d56f6fa3ee346d8ac00a6b845154a82e7552fd,"97",Blaetterglueck,Cäcilia,Bretschneider,w,1987-01-05,"06087/50598849","0160/6390992",caecilia_bretschneider@goggle-mail.none,"0000 5282 0700 0000","04/19",VISA
1,I,0xd8428f206ed28874d1257f1ea1c6d920ebef4a0ba3d268f08e259cd8da583c1b,"105",,Mechthilde,Fitzner,w,1963-01-10,"08230/88088649","0152/5415707",mechthilde.fitzner@email.none,"0000 1574 2500 0000","05/06",VISA
1,I,0x987389fea6f8291dbc8f3696b8428f9e6bb563183450c9a8e63532c69386f264,"121",,Bertfriede,Brunkhorst,w,1903-06-16,,"0157/5019255",b.brunkhorst@kitty.none,"0000 6371 0610 0900","10/19",Mastercard
1,I,0x242888b9cb2b7485400f9bc7b3dfe03c8419e22a6dc3436f05457d7ea6034e74,"85",,Marius,Rathke,m,1960-02-24,"08106/70916661","0154/3326042",marius1960@quickmail.none,"0000 6071 1600 0000","10/15",Mastercard
1,I,0x9f89666ffb055cb7919b2a9d0b4c90f998418a557652a5479c21e74e14da6bca,"136",Blaetterglueck,Gudula,Wehrle,w,1946-06-04,,"0179/5639418",gudula_46@bestmail.none,"0000 0568 3515 5700","04/13",VISA
1,I,0x6e145e5e0b49b96f761ade0d1f255c8dd530242ee8f014517e190b71f3de91c9,"173",,Heimgard,Petrich,,1954-08-07,"07272/49929440","0175/4403002",heimgard-petrich@email.none,"0000 8369 3620 3200","10/19",Mastercard
1,I,0xbacdbd17a51c130f6b9f10510e34da698ca52bf034b9af317e84c37b71021166,"284",,Roswita,Lembcke,w,2004-06-26,"06754/97285895","0167/1243840",roswita_lembcke@goggle-mail.none,"0000 7051 0917 0000","06/17",Mastercard
1,I,0x747fe04f0e5fe8852b8f6da6dfc5d53a23004fef3d41dd5b4f75ec6063007ef0,"13",,Lana,Soika,w,1915-11-11,,,lana_soika@bestmail.none,"0000 5310 0900 0000","01/01",VISA
1,I,0xf78ecc4795ff57d71a354b2515e97f9e57649f2436d32146cba3da1c09de1272,"195",,Cilly,Resch,w,2014-06-26,"04364/46890390","0169/7757950",cilly.resch@inter-mail.none,"0000 8164 3901 3000","07/12",Mastercard
1,I,0x4766b826b60c97030f279e10fb1e563ab5ff47cc4fac15728207cfa2839bbf72,"298",VolleRose,Ekhard,Nicklaus,m,2020-12-28,,"0167/4189196",ekhard-nicklaus@net-mail.none,"0000 3421 0501 7000","06/82",Mastercard
1,I,0x87f55963a3bbfb1c8730fe04f141b9cfe6785b21a0eb7233f307319031656546,"232",,Toralf,Glaser,m,1933-11-29,"05445/15795482","0158/6476029",toralf-glaser@funmail.none,"0000 6950 6616 3900","06/04",Mastercard
1,I,0xb2e8bcfe09701183e2d90eeb3430e36c8dc7dc46b30f3c31ca84ccc057f8c1c3,"58",Blaetterglueck,Gisbert,Marks,m,1965-09-14,"06696/55959241","0175/5643608",gisbert.marks@company.none,"0000 5475 3500 0000","12/11",American Express
1,I,0x979734438b3bcdf2ffa6b503e9e9f01f7f8504b8683862dbc6b793a51422870e,"17",,Carin,Jan,w,1979-07-14,"06571/56142222","0164/8364496",c_jan@bestmail.none,"0000 2766 4327 0000","06/93",Mastercard
1,I,0xaa48918a339102bbb7b63c92d6c926f3c85c7d9df4b74200e1db2f4793267e94,"112",WochenendGLück,Walther,Reichhardt,m,1975-11-03,"06564/97040137","0156/2857961",w.reichhardt@spam-mail.none,"0000 0650 5101 3200","04/89",VISA
1,I,0x10546acd59af29f4a9be0e4b1df34679964eba1f95fb72e13157ca3f0418657b,"198",GlückAuf,Diane,Conner,w,1963-08-15,"03605/44955161","0163/6040421",d-63@validmail.none,"0000 4359 0200 9000","07/01",Mastercard
1,I,0xf3bf7de84ecd5062dc3f4268351ddfe02fbdc1cd54d086e9f1a972feb02923ef,"238",,Bennett,Köller,,1927-11-15,"07231/53900118",,bkoeller@domain.none,"0000 7863 0700 8800","02/14",VISA
1,I,0xf8fd49d82f1a8b149997b342b07695505a88363467eb0fd5912d98aa1f5ec758,"111",,Svea,Eckel,w,1971-08-23,,"0162/7171893",s.eckel@bestmail.none,"0000 4076 3515 6000","05/87",VISA
1,I,0xc65a4ff9bc5d2443c7399202112420e794fcd8ea98f9c3d8462d8237bba3d6b6,"12",VolleRose,Elgine,Tams,w,1981-09-14,"06674/61178929","0174/9706169",elgine-tams@anymail.none,"0000 3182 0640 3800","01/10",VISA
1,I,0xca7aaaa6138af2341a15ea37d5d2bce3af5e6ff4e29156dc2302177c9be26406,"67",,Margrit,Händler,w,1962-02-09,,"0170/8890846",margrit_62@hoster.none,"0000 3147 8535 2000","10/20",Mastercard
1,I,0x9127729e05866f859b42ebe362dcfa5407f2569c0f48d5c4ca0a8a72f327324e,"239",Ruhrmorig,Waltraut,Biel,w,1921-08-05,"04821/61590218",,waltraut-biel@mymail.none,"0000 6350 8500 4900","08/19",Mastercard
1,I,0xbcc7368ca359d962a6c722617276f0a6b2202c40ea719cdbad8fc633244f0757,"295",,Cäzilie,Wehrhahn,,1919-03-31,"04275/55727339","0172/3468664",caezilie-1919@spam-mail.none,"0000 5221 5653 1600","10/02",Mastercard
1,I,0x493686ffcca9b1e168aa4b054da8ed523907e3acdb8bcd02e2aae704f9e56202,"3",GlückAuf,Karlo,Wieland,,1938-09-13,"02692/83118037","0165/7430575",k-wieland@private.none,"0000 2574 3517 4000","08/90",Mastercard
1,I,0xfa9e936c0c6e04ccb38ba3c189ae29dcad70fff9d5d94bcd6abf699a3ffefe8a,"241",,Christhart,Burke,m,1977-09-17,"0521/79599813","0172/6079269",christhart1977@anymail.none,"0000 5012 0700 8800","09/88",Mastercard
1,I,0xe16a47e1ddefcae47194cdda6b78fff200aece69fc424bc26c9f2ce7af9627ed,"91",,Friedlies,Jenkins,w,1942-07-25,"07042/49917301","0165/4790619",friedlies.jenkins@hoster.none,"0000 5983 0645 6800","04/20",VISA
1,I,0x1f4c5c958b8e9bcb9d84ac273e37ddd7f5e6a0c0afd306d01259086c371c97f2,"115",,Irmlind,Demirel,w,2015-10-10,"06727/63554870","0169/1290925",idemirel@net-mail.none,"0000 0778 0608 9600","07/03",Mastercard
1,I,0x14ade599363362f3a1edd405a7abbc4401441e31c3ab3904a91b094e32057404,"102",,Rosely,Zender,w,2006-04-16,"06131/15964260","0172/8315324",r.zender@net-mail.none,"0000 5650 0930 0000","10/11",Mastercard
1,I,0xb923aed8c8605eb5184690076147fc093ee94a40bfd7f0315689db19b328f43f,"49",Druff1848,Käthchen,Majewski,w,1988-04-04,"02643/72545370","0179/1595807",kaethchen_majewski@web.none,"0000 0357 0900 0000","10/96",Mastercard
1,I,0x341f41450b60da8cd0e96f8d0c86b874497b1ca85a8fed9548b6cbb48c5043fc,"45",Blaetterglueck,Adi,Thier,m,1996-09-21,"07302/65403365",,a1996@ultramail.none,"0000 2913 0700 0000","06/14",Mastercard
1,I,0x587bf5785bba9ee9dab5593c69d9e0ca9360d80a7cce70de95ffc82ba866798d,"57",Ruhrmorig,Otfried,Hopf,d,1925-06-05,"02692/94777741","0175/4106280",o1925@web.none,"0000 6228 0698 7800","07/18",Mastercard
1,I,0x4da13043b917bfe93aef52f9ce90ee4ae071d83c6f45451c3fa474461abe5d28,"262",,Tomas,Oettel,m,1933-06-30,"06550/72256747","0168/4991564",tomas.33@domain.none,"0000 6566 0908 0000","02/21",VISA
1,I,0x5083720cc4c30e6c07b6a6b5a1d983c6787d35df3ee7c8b8a9d786bb48abf98b,"296",Druff1848,Sigmar,Kliem,d,1938-10-26,"06541/40241502","0154/1378872",sigmar-kliem@email.none,"0000 4658 5400 3500","10/11",Mastercard
1,I,0x10e272f192ecc29efb38bc0bdf9b007cb4e3aa0b14bc91241b15fe1dc6d7dfbe,"96",Ruhrmorig,Rotraud,Steimle,w,1914-05-02,"02402/49777479","0152/6733217",rotraud_steimle@trashmail.none,"0000 0210 0700 2400","06/03",Mastercard
1,I,0xfd48c4bd870fbfbeb9d749f0370033d60e38ad18f197dfc005cebfdd11f07cf9,"39",,Ruthilde,Hämmerle,w,1986-03-15,"05943/5004255","0161/3416088",ruthilde.haemmerle@email.none,"0000 7460 0501 0100","05/15",VISA
1,I,0x193f3a207596857c4d4a588acf5e9c18d268699feb2679a3ae9cb5ecf2e6e1b0,"257",Druff1848,Heimbert,Traut,m,1968-05-11,"06352/97258047","0169/4201875",heimbert68@retromail.none,"0000 2666 4500 5000","02/15",VISA
1,I,0x5dd57b0aa754d9087bf2d0a6537a4a734dcad5643a694bd12ca92d79a8366597,"138",WochenendGLück,Doris,Köhnlein,w,1933-11-06,"02685/89713045",,doris_koehnlein@retromail.none,"0000 9850 7500 9400","06/20",Mastercard
1,I,0xee5b85a8cef64d2afba4ede6bd81cba38c66037d466d2dfd9cd402907947a88b,"48",,Thorsten,Petersen,m,1937-11-28,"0941/56908084","0152/8443033",t-petersen@company.none,"0000 1461 0605 0000","04/17",VISA
1,I,0xbbaa1d9ccdd43324e44ecd33437c4ab8c36950580121de8ea8f0bf07e25ab4a4,"2",,Steffen,Katz,,2009-10-25,,"0164/3633985",steffen_katz@bestmail.none,"0000 0968 0523 2800","01/15",VISA
1,I,0x61002820776c24bb1557f9b269c0942109a3a9f1dc38bcf5c565a6b46d1a004a,"254",,Mechthild,Lass,w,1944-12-23,"09287/9221284","0161/1509090",mechthild44@net-mail.none,"0000 7450 2307 0000","07/16",Mastercard
1,I,0x0260594a2cbfd5001e07660846e2dd0d673e2a327ba6f31576fedcfdaceca4fc,"79",,Marianne,Markovic,w,2010-07-13,"04561/73667857","0157/8745023",marianne.markovic@private.none,"0000 5044 5800 7000","05/01",VISA
1,I,0x4e8dc512d4d91e0e68696fbd40a22e0113d7c7baa5e12df8f7715ca8a31904ff,"222",,Giselher,Weinhardt,m,1916-07-10,"07326/71148666","0155/8990849",g-weinhardt@retromail.none,"0000 2470 0510 0300","05/92",VISA
1,I,0x2e991fede8043eec0b55091d27efec9a53204f56b066e2fbafc3cddfdba9571b,"218",Druff1848,Dörthe,Doll,w,1934-12-19,"02235/98283187","0162/5029834",d1934@domain.none,"0000 0369 4500 6500","09/96",Mastercard
1,I,0xf3b690d769d290523b5ba98c01a13d1c63350871a254734697862b3ac966d009,"240",Blaetterglueck,Helwig,Dickel,m,1935-06-23,"06136/80981834","0156/5103817",helwig-1935@hoster.none,"0000 6044 0700 2400","01/18",VISA
1,I,0x3bd2367a98b1e39912af679424aa81fa9677728b60a363a4b500890bc93d7cac,"221",,Sylvelin,Kölbel,w,1914-02-04,"06391/85972965","0176/2578399",sylvelin_koelbel@quickmail.none,"0000 8379 6665 4800","10/17",Mastercard
1,I,0xbe92f88511432f8e1cdc5b9f87ddd21044da39a6cf5a9e34de0537255144341d,"156",,Miguel,Grothe,m,1985-08-03,"06527/12465464","0151/9355769",m.grothe@spam-mail.none,"0000 1868 0920 0000","06/92",Mastercard
1,I,0x7aab52d15c9d13be96d965c6582b6c3b49340ed79fd18465233b86bee9a583a7,"5",Ruhrmorig,Pankratius,Eichberger,m,1973-12-01,,"0167/3312963",pankratius.eichberger@open-mail.none,"0000 2350 9612 0600","11/16",American Express
1,I,0x016523c170331446a1829fac18860689f1bcfafa6350dbdf917c0af81b8ffd18,"21",WochenendGLück,Gerheide,Haarmann,w,1942-04-09,"09971/83377112","0165/2897996",gerheide_42@live-mail.none,"0000 5054 2900 0000","12/87",American Express
1,I,0x5858b50901cfaa149040638598ca8094376c4736c41ca92be7b1f259b1b12b7e,"168",VolleRose,Muhammed,Hillebrandt,m,1934-01-25,,,m.hillebrandt@anymail.none,"0000 9370 3900 0000","10/01",Mastercard
1,I,0x23e5756c11afe5d89230bb505c1bb027ce3daf2260c096fecbb6fb1322c56cb3,"263",GlückAuf,Hiltrud,Winterhoff,d,2017-03-10,"05584/13464530","0172/7997805",hiltrud.winterhoff@hoster.none,"0000 3275 0690 6100","07/02",Mastercard
1,I,0x6758a198f3d279fd4eaef6fbaabea59ffde9e886f72b7dedd3e970a9cfbc2ef2,"178",,Hiltrud,Osman,w,2005-08-03,"02628/82287124",,hiltrud_osman@mymail.none,"0000 0880 0200 8700","02/90",VISA
1,I,0x284d2e828e711d5fa1ced79ebd3dc1b9438ad0ccb5954741465584959822b745,"185",GlückAuf,Edwina,Klauer,d,1948-10-17,,,edwina-klauer@private.none,"0000 8177 0651 4100","10/19",Mastercard
1,I,0x63d5d8e83ce961d2a8427f4f0df7942edbe3b8c21d000a440d515551aaf10183,"150",,Otwald,Nußbaumer,m,1965-12-01,"05936/60168068","0167/5490249",otwaldnussbaumer@domain.none,"0000 0852 3600 5900","05/18",VISA
1,I,0x286c8897845830ddff1c0dd461177e342fc6c105f04dc133768d50962c446b5e,"212",,Betti,Rauscher,w,2004-03-29,"06430/78501591","0151/4342492",b_rauscher@anymail.none,"0000 6325 9800 2700","06/88",Mastercard
1,I,0xc17eaae14f1358ddfdb66a676c6b80d38459325011df2cafb36f20288790079c,"15",,Sanna,Nimz,w,1929-08-07,"08063/80783528",,sanna-nimz@funmail.none,"0000 7228 2915 5100","05/17",VISA
1,I,0xcda7de0d54ff2e2af054fb736ed26b588cb413e39fc1042b6e3e542a51887577,"86",WochenendGLück,Ribana,Eisenblätter,w,1954-08-24,,"0155/7969886",ribana.eisenblaetter@justmail.none,"0000 9854 5700 9400","06/12",Mastercard
1,I,0xd5812f2b9e4edf73f10edfdfc59c6888dd84717d31aaaad4c620512d38973e62,"146",GlückAuf,Albert,Wurster,m,1907-03-30,"07275/4298476","0162/9773261",albertwurster@private.none,"0000 1674 0500 0000","05/18",VISA
1,I,0xa711d3a7a21966f9267a37a2eb3d1a435450e1bbb39e69316fcd02a80d9844e6,"273",,Beate,Sigg,w,1918-10-02,"07533/97143005","0171/5530010",beate_sigg@spam-mail.none,"0000 1162 2515 5000","10/14",Mastercard
1,I,0x072715c2993827f5e6108795e3d7b1055356e6fda764b6898128c91e36348eca,"203",WochenendGLück,Friedgard,Nill,w,1938-09-25,"07366/71282161","0176/2159892",friedgard-38@kitty.none,"0000 6637 0800 4000","01/18",VISA
1,I,0x40fd2b795ba42448718e73fcb235f8ec9fb56b1c9f807301ba4ac60d4699fc94,"229",WochenendGLück,Rieke,Scheler,w,1977-06-15,"0851/99017936","0165/3934743",r_1977@inter-mail.none,"0000 6674 3690 8800","12/94",American Express
1,I,0xb271888c4a63364767b50ce24a24dc698d7ed3471207006a9032fdbc99712861,"71",Blaetterglueck,Tiemo,Hamacher,m,1939-07-16,"06551/61635596","0179/8130491",t-hamacher@xyz.none,"0000 9372 0501 0100","04/19",VISA
1,I,0xc7b32edec807aca20a6708172c6bbc7c5ada4290c607daef971f0109fc2adc61,"216",WochenendGLück,Nortrud,Danz,w,1974-08-03,,"0156/9816772",nortrud.danz@ultramail.none,"0000 8552 0604 1000","04/91",VISA
1,I,0x222dd648d4bebf0afc7a35fd5863c66e6fc9df788fc28f56109483b3b47c6a2f,"139",,Annalena,Schaf,w,1953-10-24,"02651/56442183",,a-schaf@net-mail.none,"0000 5069 0618 0000","09/12",Mastercard
1,I,0xc8d6bae9573010f9e274676eb9f17f95c0f91177c31b8fc649bafab5f2410db6,"98",,Diemo,Wilkerson,m,1992-02-06,"06500/28186455","0173/1606228",diemo-wilkerson@anymail.none,"0000 3876 0260 0000","06/98",Mastercard
1,I,0xb795cf77469597fb8a5a6b878812a60c51d8a1a9ad2a04cd9fe5111ac903ef64,"270",Druff1848,Ann,Pfahl,w,1922-11-19,"02626/77895744","0163/6582992",ann.pfahl@domain.none,"0000 7165 4618 7800","06/97",Mastercard
1,I,0x22d4ef34881bb53f52042bd4041bb4c3c247c8291403b78a348e39e23d5138fb,"89",,Helgomar,Matthiessen,m,1959-07-23,"06525/47736641","0151/7766881",helgomar1959@spam-mail.none,"0000 1526 5624 9000","09/19",Mastercard
1,I,0x54403e67bd68a553925952a9e22a4402d33fdaf43608133d693efa3529d1b414,"118",,Edeltraud,Hardt,d,2007-04-15,"02663/46415610","0177/3655143",edeltraudhardt@quickmail.none,"0000 3773 3692 6400","03/20",VISA
1,I,0x2eeac453c128680a759c3d236b26cb03a32ce1df612a15c5d198fc8ae4fd259a,"61",,Maik,Maus,m,2003-09-11,"02661/69236454",,m_maus@xyz.none,"0000 4563 0901 0000","11/08",American Express
1,I,0x6d2e474a20aed8c2cecebb9d608b8250c3b52caedbf347e8edc59ffde8563274,"283",Druff1848,Alexander,Jeckel,m,1995-02-15,"09293/32553138","0159/7248912",a.jeckel@email.none,"0000 6255 0305 3300","06/07",Mastercard
1,I,0xe7521896e9738fca638722e7d106339767f93dca5a9ab3344ad73a36d50b1df2,"297",,Adolph,Chambers,m,1954-09-05,,"0150/5859117",a_chambers@retromail.none,"0000 6279 0500 0000","12/97",American Express
1,I,0x1db3bc3e341f420dd2d6a500fb6c17b4b627d60987e2691f9c14621430dac3f3,"110",Blaetterglueck,Mattis,Burghard,m,1938-07-01,"02832/93682161","0166/1288184",mattis_burghard@quickmail.none,"0000 4329 1626 9700","07/16",Mastercard
1,I,0xdef24aab4bdfd962aa688eade49971a1f3709f0c1b65e19ceb90e0b3b66cd208,"29",GlückAuf,Ambrosius,Mertins,,1978-01-09,"04822/66724939","0172/2642168",a.mertins@ultramail.none,"0000 8750 8623 1100","04/91",VISA
1,I,0xb26cf8ca95499aa4ed8d4dd3ba3b6731c61a2b4fc0fc51c5cabae25267a2ace6,"88",Druff1848,Melissa,Breitfeld,w,1935-11-25,"02233/74514817","0176/8137512",melissa-breitfeld@mymail.none,"0000 4968 3500 4800","06/88",Mastercard
1,I,0x2f332a142f760435ef649b130db3e7438a8b745d416958c1cd2da8370e610256,"14",,Fred,Metzdorf,,1919-07-17,"0203/33519563",,fred19@kitty.none,"0000 9574 3500 0000","05/73",VISA
1,I,0xd339a153c3c386803cdfa1cc192f029d4e799cce2fc3b3c740982235733f0903,"83",Ruhrmorig,Diethart,Detlefsen,m,1907-02-13,"0228/39047774","0171/7845678",diethart-07@retromail.none,"0000 1787 0540 0000","11/12",American Express
1,I,0x5725bef62657291149ac17b1e8ca066f5ef95fef7fac8e707a9ff7a8be581da2,"93",,Woldemar,Kampa,m,1925-07-08,"0355/78183021","0159/8259709",w.kampa@kitty.none,"0000 5059 0100 3900","04/16",VISA
1,I,0x3bfee8a905944abc428da6306bf469074b7bab2b5f87f00d25449735f569e9f7,"152",,Didi,Seidemann,m,2002-12-28,"06708/61372940","0157/8573057",didi02@spam-mail.none,"0000 8147 2515 5000","08/05",Mastercard
1,I,0x68fa60b2e871c21d77725210d8aec02944d38b23c06cac20c958be50dd1ac1d2,"164",WochenendGLück,Udo,Sikora,m,1975-10-31,"08253/5196691","0152/5161316",u-sikora@quickmail.none,"0000 9067 4617 3300","03/94",VISA
1,I,0x045cfa1b4f040a4a3d71878d1b2a68601d89a4df90629021e7a38a6b80137a20,"253",Blaetterglueck,Markwart,Utsch,m,1937-05-01,"09176/48069089","0172/4746185",markwart1937@kitty.none,"0000 3170 0800 0000","10/00",Mastercard
1,I,0xd5e10cae6469caeef62c236ab0dad9cdb2a81dd75c53eb89b2cd60b997958225,"193",,Volkhardt,Tschöpe,,1939-04-14,"06331/24887626","0159/5385686",v.39@live-mail.none,"0000 2676 0695 5900","05/05",VISA
1,I,0xeb76847d92ca42f9d3e9e93e6c105627fcf77a5ab8c01f7be01128032e5397c8,"176",,Desiderius,Guth,m,1909-04-07,"06747/57854339","0164/6197375",desiderius.guth@bestmail.none,"0000 5737 0800 8700","06/91",Mastercard
1,I,0xa73298d0b82c0ac6deccbc77f1de3713981cb0ed7fd8f2853129d708be65a9c7,"214",Blaetterglueck,Adele,Bieg,w,2001-04-10,"040/68751305","0157/2452605",adele-bieg@kitty.none,"0000 5976 2510 2000","10/12",Mastercard
1,I,0xe0ecd720d66fbb677c4eeec2059316f811c20481c9d077023dd3cf419b0ae15e,"52",,Christel,Dirks,,1970-06-09,,"0152/7004644",christel.dirks@domain.none,"0000 5672 0693 2900","07/20",Mastercard
1,I,0x04ff0a4708ca9db4a2965b037ef8c5834d2a7d02f6aa77a3b345f55f293d7069,"266",Blaetterglueck,Regelinde,Seewald,w,2003-09-11,,"0159/9836167",regelinde.seewald@inter-mail.none,"0000 5921 4636 0300","09/02",Mastercard
1,I,0x7d531e4340497925d505a2d53f630c629d2114029a320a4647f2737ef3436668,"209",,Herwald,Merkl,m,2001-06-16,"06372/34338912",,herwald.2001@kitty.none,"0000 5625 0400 6600","03/05",VISA
1,I,0x8a491a3417e5104f230ce5a34e106e9caf953d58005fad04e56b2ca007449e72,"65",,Willma,Rockel,w,1913-11-28,"06525/75330863","0167/1247289",willma-rockel@private.none,"0000 1562 0700 2400","09/76",Mastercard
1,I,0xd93a77c93aed6027f39e9b5138cfe72e9a3cdb18778174cc353c8caff6ef6cec,"30",,Wittmar,Schrader,,1937-02-13,"07232/51842551","0157/7243767",wittmar_schrader@spam-mail.none,"0000 7773 4500 0000","08/10",Mastercard
1,I,0x03728e817578b92005d7a51611c7b0cab1d2b43b0d9aeebe3889e61b3871d081,"22",,Christhild,Scherrer,w,1966-06-27,"02602/26168121","0169/8014927",christhild.scherrer@bestmail.none,"0000 7337 0400 4400","01/19",VISA
1,I,0x83413e34f88a5e6fe3d0c296a5f31d123de6a691e463bd567f55e5e6168794e2,"255",WochenendGLück,Stephania,Knerr,w,1980-02-05,"05324/70801748","0170/5462552",stephania_knerr@private.none,"0000 3250 9514 6900","07/13",Mastercard
1,I,0x7898d9e415b695c120b0917f123322c34d11e936aa0092de7aa853ec093cfae2,"40",,Heideliese,Reifenrath,w,1952-09-01,"0671/57677112","0158/1393829",hreifenrath@trashmail.none,"0000 4183 0505 0500","08/20",Mastercard
1,I,0xbfd81c88758a3c1909308eea92766ad1bc6220270935eff78563f4c2c2343bb6,"251",,Roslinde,Lampert,w,1967-12-14,"06542/48814317","0150/9369492",roslinde.1967@goggle-mail.none,"0000 3660 3501 3000","11/17",American Express
1,I,0x6920d0a89b69e7f07c2d4c163d206c2a22d3b03b99f08257f4687e9a01559505,"252",Ruhrmorig,Sieghart,Thönnes,,1969-06-02,"06564/68593845",,sieghartthoennes@open-mail.none,"0000 3751 0700 2400","07/13",Mastercard
1,I,0x09882efa6247c4a17e196422d2ef03c3aeef40b645d272ef11ef475a00f70d6e,"162",Blaetterglueck,Ursula,West,,1924-11-13,,"0152/3243116",u_west@live-mail.none,"0000 7923 0510 3000","06/13",Mastercard
1,I,0xa64aeaa5b9481e5a82076e00955e182b5c0e9fdc04a3306e689a58bbf89568b1,"291",Ruhrmorig,Noel,Sprick,m,1934-01-18,"06047/18166244","0162/5786957",noel_sprick@retromail.none,"0000 1051 8500 7900","09/06",Mastercard
1,I,0xc96b12172a1695a62b6cb90acd4386e12941645fb65d9776b6d13d9678a2c349,"166",Druff1848,Viktor,Burghard,m,2004-05-01,"040/38836250","0164/8188813",viktorburghard@company.none,"0000 5170 1900 0000","09/20",Mastercard
1,I,0x949b980bf58ace7a3f28776b4845e754995891ab44260f3ebc78ee8a1ddbf3ba,"77",VolleRose,Tilman,Figueroa,,2017-06-30,,"0168/1521599",tilman.figueroa@email.none,"0000 2669 2900 0000","06/92",Mastercard
1,I,0x67ef256df35a306aea513911e23639552eb766094e8b10bbabb74a61a02b9837,"46",,Lore,Prokop,w,2013-06-10,"04639/13387453","0154/2552601",l-prokop@net-mail.none,"0000 5659 1900 0000","10/75",Mastercard
1,I,0x7a96c65670946e22686c5006cd0e17d67c2a868faf13c712aad1d99cdcef2f56,"9",,Amy,Taubert,,1952-05-24,"06323/75542091","0173/3230382",a1952@mymail.none,"0000 8483 0500 0000","07/02",Mastercard
1,I,0x21d1a5a34d4efd539c2bafa375dd9cf6d8c236488904d16b3e25d944dc017e80,"274",,Kjell,Vedder,d,1981-10-26,"04943/47177452","0166/2302220",kvedder@company.none,"0000 9750 3305 0000","11/11",American Express
1,I,0x011b0d9767a5ea20125b1b9388780b1cbd1a54aa5cf210967482430dc400fd71,"80",,Anfriede,Löw,d,1987-03-01,"08243/86370067","0160/9702614",a.loew@hoster.none,"0000 1765 0910 4000","02/04",VISA
1,I,0xd85e46099101928cc1da0d0b5d1dfab0f31df4381f5bb724688cf22f61808d3d,"272",VolleRose,Ilsemarie,Küstner,d,1920-01-17,"02192/85028179","0158/1251956",ilsemarie-kuestner@goggle-mail.none,"0000 2151 0500 1500","03/12",VISA
1,I,0xec584869f307a8c0a2a32ebdada8d0774aed2ecc18a1eef753b437a6638b9320,"242",WochenendGLück,Mathis,Holloway,m,2002-12-26,"0221/26255568","0156/7704675",m_2002@private.none,"0000 7885 0400 0000","04/14",VISA
1,I,0xdc40fb9e1ca84ba2eb6950034eb6abed0dbae257cf841f31eca636f0e00908cb,"277",,Reni,Dittrich,w,1992-04-19,"07657/25257633",,reni_dittrich@goggle-mail.none,"0000 3355 0207 0000","10/96",Mastercard
1,I,0xf49700921a8b4212caa8e3d10d9fd650e14adf6671b628d6b697fb537bb19047,"26",,Melisande,Lohmüller,w,2010-12-26,"06564/32915070","0161/3056964",melisande-lohmueller@hoster.none,"0000 4231 0108 3300","01/93",VISA
1,I,0x556f35392eaf8e3ea7558104a881f8e145e8d0ec6f5ed13bb7c7b94ada9e8ef5,"154",,Willmar,Kaminski,m,1970-03-01,,"0169/9096998",willmar-kaminski@inter-mail.none,"0000 8476 0694 4100","05/11",VISA
1,I,0x4cffa2bc8dae6b8ffac77783623de2fe6c8b62fe311b557fa94e9b4bc41c6eb3,"279",Blaetterglueck,Benedikta,Baumbach,w,2003-05-02,"06525/70851498","0167/6292792",benedikta.baumbach@spam-mail.none,"0000 4750 8643 2200","12/13",American Express
1,I,0x835e21521c49740395b0f58c3502c73ba3e424e5767386a67246a906f9f94b81,"248",,Claudius,Schönfeldt,d,2016-11-15,"02661/34365246","0151/1204365",cschoenfeldt@kitty.none,"0000 9762 0918 0000","10/85",Mastercard
1,I,0xca22bd04c7f417683888616270278a62a79fc9b92680ce025bc878d7af412139,"130",,Arnfred,Juhnke,,1932-04-16,"05364/11267894","0160/3171276",arnfred_juhnke@trashmail.none,"0000 4114 0613 0800","08/04",Mastercard
1,I,0xea03940ff82ec4946b3390f603cdc524e688fbe2fa5dfaa805fe54a4aae21186,"215",,Detrich,Kulla,,1978-08-05,,"0175/1317911",d-kulla@company.none,"0000 3660 0698 6000","02/14",VISA
1,I,0xe17608c1a320d91d8caf4008105a459443b2736389ba7a2f94a21be8a9659aab,"78",,Erkhild,Arens,w,1969-06-25,"06724/69475033",,erkhild_arens@company.none,"0000 6724 0501 1000","03/11",VISA
1,I,0xe14784b4ee2910313a087c8060d656f09ada532415da076c9c30e3cc68958d70,"64",VolleRose,Reni,Epp,,1903-04-29,"0203/66929082","0175/3210841",reni_epp@kitty.none,"0000 0955 0912 0000","06/10",Mastercard
1,I,0xab2b60ea4376e268ff6a456bde04511535cdad236ecdfe083adc00686271acda,"264",,Selina,Bingel,d,1999-05-07,"06325/20799879","0179/3338274",selinabingel@open-mail.none,"0000 3862 2500 3000","06/20",Mastercard
1,I,0x8b722fc884aae10b7670b2b5811f47d81535b0a6598405da81d2b821ccfc0f2d,"165",,Kristiane,Ahr,w,1960-12-02,"06550/60305867","0150/2417499",kristiane-1960@trashmail.none,"0000 1024 1628 9800","12/14",American Express
1,I,0x156d805911e07e0125461391ad2b3c27b75c5c866a19b6be72b7b4cc58aae050,"19",Blaetterglueck,Fridulf,Domes,m,1996-02-17,"03923/49177555",,fridulfdomes@goggle-mail.none,"0000 1268 0523 2800","02/18",VISA
1,I,0xde77d47ebc525399a9305c6ab60ce44a9948269f55d32da8da0e404a27d2e8b8,"282",,Ira,Harmon,,1902-03-08,"0234/7063961","0169/2362650",ira-harmon@trashmail.none,"0000 9060 2500 1000","11/13",American Express
1,I,0xf63c5a7a325b03a24d94a9c0623a70cfd76769f22daf697a75aa140afc57306c,"159",GlückAuf,Lilia,Leitl,w,1919-08-05,,"0179/1742823",l.leitl@validmail.none,"0000 0882 0700 0000","05/19",VISA
1,I,0xcf96dd925c101067e641a1b21706c963e8302346febeec37bdacacdde82c2da6,"137",,Susanne,Neufeld,w,2001-11-22,"07141/71790384","0161/9182032",s.01@kitty.none,"0000 9563 0614 8600","08/13",Mastercard
1,I,0xfbac1b0ce7c7c5e03c75a22c23505d4747f55ab93b430cfc4aaec74ef1fe509c,"300",,Tilli,Bethge,w,1939-03-04,"05173/97960857","0159/8153916",tilli.bethge@kitty.none,"0000 3265 0922 0000","09/91",Mastercard
1,I,0x0c00fdf49b02bf18b08ec8ac3ec693d3565f540a607c962c6e38c8dc04f8bb16,"286",,Götz,Schönborn,m,1937-09-11,,"0172/7062299",goetz.schoenborn@funmail.none,"0000 4052 0690 2900","09/00",Mastercard
1,I,0xef8146f760299bc4bdc275002e3f50bb5ef15c4ec265b4506feaff6b86e76e3f,"1",,Emmaliese,Medina,w,1995-10-18,"06753/65916995","0159/6448938",e_95@company.none,"0000 7466 6923 0000","03/13",VISA
1,I,0xbe6174b6224ba5fb36053e1fa929cf8e5c131b497b3275cebec5adedc1b87bd0,"169",,Withold,Grundmann,m,1917-12-18,"06581/25834972","0170/7765522",w-grundmann@justmail.none,"0000 4815 0504 0000","07/17",Mastercard
1,I,0x509a3b4e97bca331d1fa03d5823613870610cae3bb5c9d24c78a3c9ee9f1bdb3,"148",Ruhrmorig,Loremarie,Kocks,w,1921-04-09,"030/45007487","0176/2970079",loremarie.21@inter-mail.none,"0000 2172 0690 3600","06/06",Mastercard
1,I,0xe38d0ffc0cac9d41a5829b8ecdaba69cddf1f2991bdecb1fa28870106c6de9a9,"289",GlückAuf,Ingo,Huck,,1979-09-13,"09153/24357372",,ingohuck@inter-mail.none,"0000 0372 1200 7800","11/13",American Express
1,I,0xfa904c65484a8fc3c7cf9582f8e5067e0b6604b756342200b244fceee0adf0ce,"268",WochenendGLück,Adeltraut,Heinisch,w,2005-03-29,"02984/16310999","0157/6154914",adeltraut-heinisch@trashmail.none,"0000 2868 0900 0000","07/86",Mastercard
1,I,0x80973beb42f4542fed94b74e9ad5616bc229e7799c6d6b728edc4863b4872646,"38",VolleRose,Siegrid,Jungmann,d,2017-06-05,"02181/30012851","0169/5393762",siegrid2017@domain.none,"0000 2226 9513 1100","11/13",American Express
1,I,0x796d6f2851820b4bb7e945a6d9741774d2d4b2d2a288bf5005e4559f426ab69b,"107",GlückAuf,Waltraud,Thier,w,1951-12-31,"07157/85249796","0165/4543863",waltraudthier@web.none,"0000 6425 0800 2000","12/10",American Express
1,I,0x56ddb129ff3e803b5f361db6e80d1801f87d32a742703f2916bdd1c4e190cf17,"207",VolleRose,Lydia,Haferkamp,w,1907-06-24,"05187/79582313","0169/6345764",lydia-07@net-mail.none,"0000 1477 0601 0000","03/12",VISA
1,I,0xab579c876b26e1d53a3ab2cc0569fd2177a773420baf3dbb9b41f3487eac77f7,"161",Ruhrmorig,Schorsch,Moreno,m,1909-06-25,,"0152/1663892",schorsch_moreno@web.none,"0000 8153 0932 0000","07/16",Mastercard
1,I,0x70d12dbf7c941c60c8365d204f44a0925e4c4bfcb354aa56eb94da324ac25a21,"200",Ruhrmorig,Wiltrud,Conrady,w,1969-10-02,,"0176/7880227",w.conrady@domain.none,"0000 0560 0695 9500","04/10",VISA
1,I,0x716df4ee2b7ea5f61fb8638f0292ad6133739afd291cfeb6fde535becbf0664b,"47",WochenendGLück,Karolin,Simon,w,1954-09-20,"06266/42926642","0179/5941206",karolin.simon@spam-mail.none,"0000 2221 8900 2200","03/17",VISA
1,I,0x5d41f88b6794c1c42c26ff7068620b2d08195bb7d77e16dbc14d3c968282c757,"76",,Lienhard,Below,m,1909-05-14,,"0174/9833434",lienhard-below@mymail.none,"0000 2761 3700 8600","09/06",Mastercard
1,I,0xb423aa967e5b4890c5b0b0ec1e20653a1b1935c64c9e827c626d02d8f4c057ce,"103",VolleRose,Josefine,Bernecker,d,1971-12-12,,"0173/5212117",josefine.bernecker@private.none,"0000 1453 2500 0000","02/21",VISA
1,I,0x5ea302872f90f5bbba23fa0397b790e7a916d4f6acf591d2eae0b38541b59b40,"117",,Karlgünter,Lindenau,m,1943-12-30,,"0171/1386923",karlguenter43@bestmail.none,"0000 7784 0540 4000","10/15",Mastercard
1,I,0x348aadcab94fc9c19757aee8f50127dc01d8348836816a7047edac3d9b0861a1,"114",Druff1848,Innozenz,Wilke,m,1943-01-26,"04547/81148640","0171/7850260",innozenz_wilke@anymail.none,"0000 8225 0700 2400","10/86",Mastercard
1,I,0xce41ad5d1032721c566c934f0273bd6050556610c8050a28d47bc9c2202c00bf,"145",,Ireneus,Hauber,m,2005-01-06,"06751/29142747",,ireneushauber@ultramail.none,"0000 9146 0800 1000","12/84",American Express
1,I,0x4c71701e4163626cc00900f84f911007f2f2b64d23a87f97f7b80cd4b5705822,"201",Blaetterglueck,Dierk,Löwenstein,m,1937-03-13,"06341/90639433",,dierk.37@live-mail.none,"0000 9161 1500 2000","05/18",VISA
1,I,0x7d041bd6df4d970403754902897c8b803c171c9dde497cca776da0102060c49c,"180",,Lienard,Rennert,m,1952-08-14,"0761/19822395",,lienard-rennert@quickmail.none,"0000 1174 1910 0000","01/15",VISA
1,I,0x6c87a531a576176a2046601189a31abfe4576caa3fce779c37355334baa854ea,"179",Druff1848,Janette,Fitz,,1965-11-20,"07393/41893716",,j-fitz@mymail.none,"0000 2287 0700 0000","12/11",American Express
1,I,0x54bcff22c1d30c7670ed7323d6983f283fbf1c5ba904aa5ba37e9adcfb93ab70,"227",Blaetterglueck,Theophil,Metzler,m,1910-05-05,"06382/40254210","0163/6429015",theophil.1910@inter-mail.none,"0000 8746 0700 2400","03/17",VISA
1,I,0x673bbfcb7b0dbdae3342af22b9d4502aeed4b5832985e4b8c0586ac6426c98dc,"18",Ruhrmorig,Annetrude,Lühr,w,1921-07-26,"07844/17363580","0154/1485056",aluehr@retromail.none,"0000 7772 1697 6400","02/19",VISA
1,I,0x3535660dabff4aa5c4bd0b8bfeb5d4296ab3fbf87735b87526d938667f5fed0d,"206",,Theo,Ammer,m,1940-05-09,"02599/35336070","0179/3065296",theo.ammer@funmail.none,"0000 2770 1694 5000","04/10",VISA
1,I,0x5f1e97ceb2ddbf59bac628972d00f62e1e2f7e6ff467b0adfbca9134bf33e6c5,"177",WochenendGLück,Nik,Steudel,d,2011-09-16,"04681/90481821","0179/9983728",nik.steudel@bestmail.none,"0000 5666 3500 3600","05/08",VISA
1,I,0x0013bd7fcda1b8e5058194359d81f2c544e6c3dae35ed03a596dc2c796ed18c0,"95",,Kathleen,Eigner,,1947-08-20,"05861/84253109",,kathleen-eigner@company.none,"0000 5486 0104 2400","02/13",VISA
1,I,0x5733439c76ed4d69962a04ef6d2fbfc4f435ad0e018ebdfa297803de81da90a0,"31",Ruhrmorig,Reinhold,Baisch,m,1960-08-04,,"0159/9950654",rbaisch@retromail.none,"0000 0779 3530 9000","07/18",Mastercard
1,I,0x0cf3982c57f3cc037f9207c2c49fcc0b65fcbcdb9118614eaf99f063a7575493,"41",,Arkadius,Mansfeld,m,1972-08-04,,"0159/4049900",arkadius.mansfeld@kitty.none,"0000 5828 0210 0200","06/08",Mastercard
1,I,0xf51b2cc05431863eb97715d5e5567de86993d430310022b2a1de9edaaf0176ca,"269",,Cornelia,Riederer,w,1915-12-18,,"0172/8251958",cornelia-riederer@mymail.none,"0000 3150 0905 0000","05/09",VISA
1,I,0x335fe0a38b75a1e68c81e5bc058d84d86efd8fb1c352fd192bdab6501cd5a0a9,"236",,Rebecca,Prestel,w,1911-08-28,"0381/73552736","0155/7064149",rebecca.11@funmail.none,"0000 4787 0400 0000","10/20",Mastercard
1,I,0xfef7d739cbc94ce2e5a296ce9ebae3371b198147b84576debeecec5d9ec1d7e7,"199",,Rothmund,Kuhnen,,1902-09-07,"07132/44393503",,r-kuhnen@trashmail.none,"0000 0850 0305 0000","11/13",American Express
1,I,0x807593ac87cd9c2e25bf4d26f4ca7462a8edb9b225b1b352f892979b1d41208a,"36",Druff1848,Volkward,Weihe,m,1908-05-20,"06375/7123388","0178/6864157",volkwardweihe@live-mail.none,"0000 1072 0621 5200","01/21",VISA
1,I,0xe8f61ad4c81df03e089c15ff885de1eb765ac2aad0ef3247fa7d6888c1949b28,"132",,Delf,Schiel,m,2005-07-26,,"0158/5313535",d-schiel@kitty.none,"0000 8869 0500 0100","03/91",VISA
1,I,0x45d05a03f6903f42d4fd0edc6bffecdeedbc1d153a2775e0b452904edd6ecdc9,"54",,Markwart,Klütsch,m,1902-02-15,,"0151/7314181",markwart.kluetsch@ultramail.none,"0000 9462 2901 1000","05/18",VISA
1,I,0xaa08a37e9cc7ce8ea31e2cf366b6d2ef438dff2f4f2ed79e3d5fe3f90684e451,"249",,Wolfhard,Korff,m,1949-03-28,,"0151/1562120",wolfhard_korff@company.none,"0000 1482 0641 6800","05/11",VISA
1,I,0x7fc9305816e40448df8311ad39e4e05789c04461890be47b9447b5acfa440b91,"231",Druff1848,Arite,Bolten,,2003-11-29,,"0157/6071005",arite_bolten@mymail.none,"0000 8260 4200 0000","12/18",American Express
1,I,0x338c8fb036bde9fb56d04a179cec7a8df4fcc190c356d97b89eeee8cc212df00,"184",,Arnbert,Korb,m,1987-07-24,,,arnbert_korb@bestmail.none,"0000 8879 0500 0000","04/19",VISA
1,I,0x5ac020708d628ef43113281f1bd95de7e911f1cac10cec03e45a03c181ae7704,"129",VolleRose,Ludger,Gerber,m,1931-05-29,"06762/34710919","0155/2206746",ludger.gerber@open-mail.none,"0000 2970 0530 7000","04/15",VISA
1,I,0x2bd081133bf8f874f6d6dd617c8aa5e33b433b9e6400a38278f52d0709616163,"55",GlückAuf,Nick,Willemsen,m,1993-06-01,"04665/18437247",,nick-willemsen@web.none,"0000 8021 6617 1900","05/99",VISA
1,I,0x3499bb6a4090894f22ae3bd50c8b6eba1ebee73f9cc74c65eadf779025e50afc,"288",,Volkher,Fährmann,d,2009-06-24,"04531/54723494","0153/4098740",volkher-faehrmann@justmail.none,"0000 3658 6626 5300","12/99",American Express
1,I,0xc70bad91cd3ee9475a90b12239bd1f537ddf596bebfe02c93fa41d50986e6f52,"261",,Fridolin,Fisch,m,1921-03-27,,"0154/7847161",ffisch@quickmail.none,"0000 3829 0501 0100","07/20",Mastercard
1,I,0x8e96517e0dd5d6452232e3c1531cede3b3c4087d82f7491a39c4ddc52013be52,"73",WochenendGLück,Käthi,Kupsch,,1996-01-21,"04282/98612255","0178/9213730",kaethi_kupsch@goggle-mail.none,"0000 6644 0400 3700","09/92",Mastercard
1,I,0x0ac77036b760321d972ba46efd8fd94a90898ef073c8b5d69332b958be49773e,"66",,Sonnhild,Dütsch,,1950-08-05,"06751/87284175",,sonnhild-50@private.none,"0000 9160 2911 2000","10/14",Mastercard
1,I,0x54db1ec78e07108b15e78574fef98f34bb7596d887f651a44771e2e3d61ee9c3,"235",,Carla,Stetter,w,1912-01-02,"06135/42445112","0168/5647002",c_12@ultramail.none,"0000 7668 0923 0000","08/14",Mastercard
1,I,0x8e02803734a106a6eb3cc5e07992efbf541fb2308ec3347d5b0c2c689e6ff997,"265",Ruhrmorig,Dagobert,Stucke,m,1986-08-25,"06435/1608303",,dagobert.stucke@inter-mail.none,"0000 1728 0672 5700","06/19",Mastercard
1,I,0x41741b63d994377457ffeeb44b379f180de56b4158c2f0deda937ebe0819aa0a,"290",,Gislinde,Eichholz,w,1925-07-22,,,gislindeeichholz@hoster.none,"0000 6310 1104 0000","01/15",VISA
1,I,0x08d07c85ca3301196278bbde8debbab17fda077e9c004d45c07f5d128b763e49,"142",VolleRose,Fred,Martens,d,1956-12-21,"07236/1704201",,f_martens@funmail.none,"0000 4831 2512 2000","02/18",VISA
1,I,0x04815f2de21c28a1629dbb81edb0b567795480aaefc7848f6d4127aeef22bdc3,"109",Ruhrmorig,Elrike,Buchheim,w,1977-05-13,"04153/5921214",,elrike_buchheim@goggle-mail.none,"0000 8426 6600 6000","08/19",Mastercard
1,I,0x7dc8d987f03f123748059aab0d64e31d699f449ee0cc6c319d89f847a09c53b8,"119",,Bert,Zahn,d,1954-02-07,"02691/42996751","0152/4447608",bert.zahn@anymail.none,"0000 3670 0400 4800","05/15",VISA
1,I,0x0366dc9ef2f61839a56bf1f06620022bda1aba8ccdd4dac1a28564fc1a3b5bc8,"225",,Hertha,Schnieders,,1930-01-14,"08806/61495215","0164/2117910",hertha-schnieders@funmail.none,"0000 5172 0700 2400","12/98",American Express
1,I,0xfd822e6d03df00fc65993d2bcbebdf601046cfe21022b30ea5a2685742ef9a1e,"27",,Rosegunde,Wolter,w,1983-03-03,"06431/91531796","0157/7637035",rosegundewolter@open-mail.none,"0000 1760 0501 0100","03/15",VISA
1,I,0x382fa906846d198d952f658cd14cf4a6174c00ba3b10a96c14ccb80e3cac37b0,"92",,Ricardo,Rieber,m,1921-06-24,"06785/48422260","0174/9283236",ricardo.rieber@mymail.none,"0000 5410 0610 0600","01/04",VISA
1,I,0xd89c94725de6449aa22156d65dadcdac773b138188d06cada9450221d17e24f8,"42",GlückAuf,Nadja,Joseph,w,1902-01-27,"03883/90524820","0172/3681988",nadja.joseph@quickmail.none,"0000 4566 2614 1600","06/93",Mastercard
1,I,0x8703fc1eacacb2709661f008cd73ed5f411a9a134f3d5290ec203ad81e73ea5d,"189",,Dankward,Jost,m,1920-10-26,"030/1515492","0171/7671678",dankward.1920@email.none,"0000 5052 0521 5400","07/12",Mastercard
1,I,0x76b2fa9daaafecf12d190b8d7f926c6def9f867850b134dbe03833c0522c153c,"267",,Kathrin,Hinz,w,2012-04-07,"06751/84846150","0179/3793995",kathrin.hinz@kitty.none,"0000 8460 0501 0100","01/05",VISA
1,I,0x401eadb92c1a1fe14a47265f17e4bd2b637c9fbac700f454db91fdd3da1a6c07,"134",,Gretl,Penzel,w,1939-09-20,,"0156/4775632",gretl-penzel@mymail.none,"0000 5642 0306 0000","11/95",American Express
1,I,0x0b449b6992c3d50ed52739e25348a017562040e6179231c59146a53c8f44ad0b,"63",,Anica,Napp,w,1907-10-15,"06221/80864193","0150/6864515",anica_napp@mymail.none,"0000 9250 8700 0500","11/11",American Express
1,I,0x47c375c7fbc48790930cd3c228151c5065ce06efc2f3d31d3d2ee0ba74445b65,"213",Ruhrmorig,Joelina,Munoz,w,1940-06-28,"07251/35609654","0155/4496691",joelina1940@xyz.none,"0000 8370 1633 7000","11/15",American Express
1,I,0x468541c4cd2acc2e22fb88ba18fa7bf669a74356b9ff6c13a65312833b1b384e,"192",Druff1848,Viktor,Goos,m,2007-11-05,,"0171/9973681",v.goos@bestmail.none,"0000 5022 2900 3100","11/16",American Express
1,I,0xdb0648f4d5ba61d494b54330dd5019c2f6441a1f09727507869ce2f8eefcb7d3,"133",GlückAuf,Eitelbert,Westenberger,m,1947-07-12,"06094/7833060",,eitelbertwestenberger@funmail.none,"0000 8968 0920 0000","03/11",VISA
1,I,0xc3b7db10983bd14f9679d01f8a083029261ca453deacbc295290f6377884054a,"120",GlückAuf,Emma,Riepe,,1944-05-08,"07255/32413004","0178/9252417",emma-riepe@justmail.none,"0000 9052 0700 2400","05/07",VISA
1,I,0x47d5d1895600a9fc35b03730f4ff21c56e5598633ded5e78e044a8b0dde8c6be,"33",,Lothar,Lloyd,d,2009-12-12,"04773/8276789","0168/4621067",lothar_lloyd@quickmail.none,"0000 0285 0503 0000","02/84",VISA
1,I,0x716754311c67977c6870aa747aa68c2c08f859446733c9bcdef8c75a693d2a23,"158",,Ingemarie,Stephan,w,2016-05-21,"06375/22936249","0162/1907093",ingemarie-stephan@xyz.none,"0000 5160 2618 1800","05/85",VISA
1,I,0x01e5d6cabd57f59e06ed7d4f9469a2a2a2550558b00ef3aa0cb25088cddc6a37,"292",Blaetterglueck,Fabienne,Harzer,d,1912-12-06,"06525/13145231",,fabienne_harzer@private.none,"0000 4844 5500 4500","05/02",VISA
1,I,0xda477e61f1ffad5921c09846658c923d1330d1e42c3897d39f9815a82d0e1463,"24",,Ben,Trojan,m,1981-03-29,"09134/26557007","0150/6679640",ben_trojan@goggle-mail.none,"0000 1072 2515 2000","01/89",VISA
1,I,0x92a956618384cbe7ee602eb5bb90dc4f266286507c78e224bc7dbd4251e63b40,"123",Blaetterglueck,Oscar,Bart,,2011-07-26,"02202/90389090","0179/7033000",o_bart@xyz.none,"0000 5830 0700 2400","11/13",American Express
1,I,0x97e74e00d938211ae4df2c10bd4e5520750ab408036b593b51aef91284ac590a,"44",Ruhrmorig,Ewalda,Carmen,w,1945-10-10,,"0177/9629711",ewaldacarmen@spam-mail.none,"0000 8567 0700 2400","10/03",Mastercard
2,I,0xa4a255506eaa5d0cb20aecf9e8ba8a8fb88b576b959746c9bbc8b4c2e004e80c,"324",,Jona,Schwindt,m,1980-11-04,"08191/17756751","0161/6637124",jona.schwindt@quickmail.none,"4600 4600 0405 9080","08/09",Mastercard
2,I,0x5d5477b42215aa362dc3205cc76208b3875c1ad1c56d5af31aba88eaf38ac8ea,"304",Abendröte,Mathis,Mehrtens,m,1940-03-21,"02653/79720306","0173/6763498",m-40@open-mail.none,"6915 0000 0931 5450","04/08",Mastercard
2,I,0xa9e8fcd8d3cfdf02191e44c53c6d33aad101129406c9a21b7bbe6bcfe9ff90c4,"317",Abendröte,Erwin,Kalus,m,2016-03-12,"05532/40514154","0152/5508416",ekalus@anymail.none,"7613 4300 0367 1640","12/17",American Express
2,I,0x0b5fccbc3db94af6b67a447a5123317f6ecc544f6821b6700dd16f324f9010e2,"313",,Hartmut,Speiser,m,1982-04-06,"03901/82039258","0155/3272273",hartmut.speiser@quickmail.none,"0903 0000 0188 5599","01/11",American Express
2,I,0x71ac380992ba2b1c21cc5e83695e6a542128524d18dae543c1348279417b1a53,"330",WochenendGLück,Lilo,Lamberti,w,1944-10-14,,"0177/8655188",l44@xyz.none,"2500 2000 0894 4120","01/16",VISA
2,I,0xd8dc4efdd0bbf6098e31b5d917b168fe31f7f7cac54d7535a1a5c283568d5c17,"305",,Emily,Riedle,w,1963-04-21,"0631/44646107","0178/2080159",eriedle@justmail.none,"0640 3800 0868 8082","11/18",American Express
2,I,0x594596b7a7c1eb80957721d061e361ff4c32acf9e00719081e14fa21cd80f546,"350",,Hilgrun,Toth,w,1975-01-25,"06753/3031755","0179/7399492",h_toth@live-mail.none,"1502 0000 0095 9780","07/80",Mastercard
2,I,0xb642ce9fcc163fdd81e1cb554cb8cc99103287b64d0254d17feea71e4b0a1777,"334",Abendröte,Sibille,Pfaff,w,1987-02-23,,"0173/2530200",sibille.87@xyz.none,"5514 8000 0695 2020","04/18",VISA
2,I,0xdc5116d4764d416cb6104c5f392b2b1cc775f215e664783e3a6bd38b6327c1f3,"335",,Axel,Ederer,m,1993-01-11,"02692/45773688","0159/6683787",axel_ederer@company.none,"3613 4200 0182 6120","01/16",VISA
2,I,0x8c44a003963f40c4dcabb218191a03f999f36fa427f36d61034e75553b194073,"342",,Hanshermann,Eichenseer,m,1929-08-02,"07345/35984483",,hanshermann_eichenseer@spam-mail.none,"6665 4800 0669 8760","08/97",Mastercard
2,I,0xf8d4f5ea3824289d74cbd5a24bc22371abe0ded54b2553d1a80e94f7888e3c21,"344",,Ottkar,Dierolf,m,1922-07-07,,"0172/8907867",ottkar_dierolf@xyz.none,"0400 0000 0034 0968","08/20",Mastercard
2,I,0x602e38962f977e2ac4ac0c3bc0cf837880a7ba2389ec9600ea99e1d6cf455a95,"310",,Elsgard,Gerards,,2019-04-22,,"0165/4652233",elsgardgerards@anymail.none,"6601 2400 0873 3900","01/10",Mastercard
2,I,0xa2338ebb8ec4297bc78f85d90151878790008748333e5474ad13e1729a70392a,"312",GlückAuf,Klarissa,Zander,d,1902-06-14,,"0168/6149344",klarissazander@bestmail.none,"0520 0000 0027 7808","10/17",Mastercard
2,I,0xdfd356f634716f3bfdcaa00fd3e8e74abccc5b6dbc5da5cc4b56caefd337724f,"345",Druff1848,Burga,Frommer,w,1925-04-05,"06559/34185026","0174/6946475",burga_frommer@validmail.none,"0800 0000 0905 7669","03/21",VISA
2,I,0x5271715922a4040e66ca08fe6d613e2eeb76d01f169723cb9565851c47f17341,"314",Ruhrmorig,Amelie,Riede,w,2004-08-26,,,amelieriede@open-mail.none,"1500 0000 0350 4480","04/18",VISA
2,I,0x77fb866cc014edc25213bd73da508cd34563ecfef06283bfe75f4eeec546e365,"328",Blaetterglueck,Klauspeter,Dölling,,1995-12-29,,,klauspeter.doelling@domain.none,"0503 5300 0162 7331","10/14",Mastercard
2,I,0x7e417e072a3aa0e53327ca0f43a0879785a88110106ef0f042bf8720ae8a7da2,"348",,Reni,Alm,w,1910-01-10,,"0152/8851846",ralm@net-mail.none,"0501 0100 0597 8241","12/20",American Express
2,I,0xcc21cceb633fceca5d40f747fab1c0491ca86ccc4070075749db153937762723,"349",,Franzpeter,Klinke,m,1913-09-02,,"0173/8915147",franzpeterklinke@email.none,"3519 6000 0698 5110","10/09",Mastercard
2,I,0x0770665e2337502b97776af39c9393f9e3c3965e7f2da8874b67371ad3f6daf8,"339",,Norman,Bausch,m,1975-08-06,"06766/59459165",,norman_bausch@retromail.none,"0502 9900 0603 0385","10/18",Mastercard
2,I,0xc22b6122099fcfa0e6659fa4fa54839b45f49c671466c632180f66afb6248774,"306",Druff1848,Kassandra,Lüneburg,d,2010-11-13,"05923/73379841","0169/6906294",kassandra.lueneburg@trashmail.none,"4922 0000 0374 9970","05/17",VISA
2,I,0xcc92a3b46477e53e5e99c3a9a58abbb137f9cf62abeef6d72f240ce5521cdf66,"323",,Simpert,Höing,d,1998-10-21,"07195/1739328",,simpert.hoeing@trashmail.none,"0961 2400 0292 2672","09/01",VISA
2,I,0xcf8ce97deed5ffcad7a0a6e567acf43656ff86021cc55dff21824bf36618d025,"347",Abendröte,Jörn,Schmieder,m,2015-07-22,"02651/43267320","0175/6280181",joern-schmieder@net-mail.none,"3600 1100 0149 9250","06/14",Mastercard
2,I,0x51d13408d124d3c6e46368d2c136978d7eb40706933607032e6cbc1fffa773fe,"341",Blaetterglueck,Kurth,Herling,,1913-04-13,,"0150/2032774",kurthherling@retromail.none,"0800 4000 0413 7874","04/11",American Express
2,I,0x295d9e3f34c7897f49905d3db4702acb3b4c06391a44f165da55a2acc16970a8,"311",,Ilsa,Wezel,w,1916-06-26,,"0165/6119649",ilsa1916@anymail.none,"0500 0000 0330 9863","10/19",Mastercard
2,I,0x5707b1647b7ab86f66f3da7c3de73dff46e94fe0658690783e4629a6eb93c004,"332",Druff1848,Frowin,Seider,m,2006-03-19,"06849/79708596","0165/3571441",f.2006@web.none,"6500 1000 0259 4650","01/19",VISA
2,I,0x40c5acdd48fc443a905dd850a3b2e9ed965cba7e96ae13e223a1bed0b001ab97,"333",,Juri,Zettl,m,1968-07-11,"03464/43718790","0154/3095220",jurizettl@live-mail.none,"3900 0000 0234 2770","07/20",Mastercard
2,I,0x51042c9a1ab1a75f3566dc82a0447845df2eab0cd2867da09d0f8d86618afcdb,"326",,Herwald,Wetzig,m,1969-04-12,"07171/98503941","0158/5685992",h.wetzig@trashmail.none,"0400 2800 0808 0412","04/03",VISA
2,I,0x5bf340f26b6b9afb71a6568dce1122d9fef58c323537e40ec036442fe46e11db,"343",WochenendGLück,Detlev,Gruß,,1964-06-15,"06550/59292159","0167/5901910",detlev-gruss@retromail.none,"0501 8000 0167 8386","10/16",Mastercard
2,I,0xc3134b1b2e33b7629df1cabc627a34f4bacb9ad5d5b224b157b83b8284c23403,"320",,Siegbert,Peikert,m,2001-02-04,"06821/23523445","0160/3426485",siegbert.2001@live-mail.none,"5623 0000 0678 9500","12/02",VISA
2,I,0x612394213b44cd77daafe6657881b609b24980deb1648aa5ae2a6f47ffc062c6,"303",,Emeram,King,m,1947-08-29,"09371/14454611","0171/2594569",e-king@web.none,"9710 2400 0170 4650","05/17",VISA
2,I,0x3a2ff55ebb6164f1d99c739a68af707738b05a031f7b64710e7591824ffab52f,"329",,Reglindis,Wünsche,,1983-01-26,"06047/39016515","0174/1891764",reglindis-83@private.none,"2624 5500 0966 6220","05/16",VISA
2,I,0x70218912592a5980357bfd02fc6694d8eeee4295f48e7816837307213c79f1ab,"322",,Nicholas,Kügler,m,1921-02-07,,"0154/7066312",nicholas_21@quickmail.none,"0616 9800 0343 8287","01/21",VISA
2,I,0xb67606f1d6b0f972949e0abcb14944cc05df7ecf69ada02f5f3cfd9710a16826,"307",,Ehrenreich,Stoffers,d,1906-02-20,,"0165/9315264",ehrenreichstoffers@anymail.none,"6613 3000 0735 3920","04/20",VISA
2,I,0x132e0ee4811d3c4aca0d8ef5259c97713d69dabba5e0a2e0236e7fc47530f52d,"337",,Andrea,Gaspar,w,1964-01-26,"03904/73799184","0153/2748792",andrea64@net-mail.none,"0690 1000 0345 6043","09/95",Mastercard
2,I,0xb00e4085a5f2a629049bb559759fa6e9d955a6cd26230ccc3a4e18cfefdaafad,"318",,Marcel,Filser,m,2014-08-10,"02662/70425131",,marcelfilser@open-mail.none,"2911 2000 0746 7730","02/02",VISA
2,I,0xa81fef0481ff88950f2cc607958cef98282d25dcd111502261359a49f0bfaad7,"338",Abendröte,Albert,Klemt,,1941-03-13,,"0152/9750059",albert1941@bestmail.none,"4515 4800 0829 7550","05/13",VISA
2,I,0x3812c4e39cb5a4408b6bad4341749ba7387c4eeecec713e447149a2220b4f44e,"309",,Claus,Dietel,m,1959-07-25,"05923/98022744",,cdietel@spam-mail.none,"0500 0000 0822 2245","10/12",American Express
2,I,0x60ea51e75203309948cd81e568d5b05b71cfa000a5c7047832d1722003d2f86e,"308",VolleRose,Arthur,Birke,,1970-02-11,"08221/39916250","0152/8164464",arthur.birke@open-mail.none,"9501 3000 0879 1470","08/18",Mastercard
2,I,0x361e5af61c8edb94cd4b1781b1d2943d39fc997a57c1a9cfa95edb6ae59c1cd7,"340",Abendröte,Ulvi,Haubrich,m,2019-03-01,"04351/3306192",,ulvi.haubrich@retromail.none,"0500 0000 0188 8498","08/16",Mastercard
2,I,0x4c190e268c2f31479086bbb3a00ae11218bca4f27a02caa1242aa521c56eb85a,"301",Ruhrmorig,Theodeline,Böhlke,w,1981-08-07,,,theodeline81@mymail.none,"0605 9200 0131 0597","10/16",Mastercard
2,I,0x9ddc6fce4e807cd2866e7ef865eafdbe5ebba5af69e530d16178469592e23dbf,"302",Blaetterglueck,Marten,Rißmann,m,1986-08-15,"05451/78284317","0171/8985622",marten.rissmann@open-mail.none,"0200 7300 0462 9509","01/19",VISA
2,I,0x4995fae2825e76755db3c17342199cc19fd420ab1e2558df3b7bf2d084d736f6,"325",GlückAuf,Finchen,Thum,w,1966-01-20,"0241/91817106",,f-1966@kitty.none,"6625 4000 0821 4150","01/01",VISA
2,I,0x09ed597cd1b4c54f77921e13a07704d961d43909a7bbaa35580b35e26b88d5a3,"331",,Erdmuthe,Rieckmann,w,1917-05-17,"06724/82933857","0167/3219000",erdmuthe-rieckmann@domain.none,"1691 8600 0607 2130","01/13",VISA
2,I,0xaf861468f83852f14e25e8f28f443955c89814a3f11325bac587f8a7169584e0,"346",,Lydia,Maschke,w,1976-02-15,"07275/34392515","0153/6568426",lydia-76@anymail.none,"3525 6500 0676 4290","09/85",Mastercard
2,I,0xdb17da5384945246ce8345dcac15903d5001231dd008a93aa85c1cf951949d98,"316",,Catharina,Frieling,d,1981-11-16,"08083/63867424","0157/3385829",catharina.frieling@goggle-mail.none,"0613 0300 0653 8429","09/93",Mastercard
2,I,0x93b20228e37907b9ba7912b3b5473c36affb5a7e053dd0bd3321ebb86f3a72ae,"336",,Hanswolf,Gröger,m,1999-12-23,"09662/72812196","0159/4887790",hanswolf-99@email.none,"2800 2000 0499 2830","09/20",Mastercard
2,I,0xfeda738f34176b64957d49508673926db7dcf30e1dea15d51b3757864feed3bb,"319",Abendröte,Timon,Zeilinger,m,1944-08-25,,"0176/1928051",timon.zeilinger@quickmail.none,"0500 0000 0018 2918","01/13",VISA
2,I,0x3bcb3dfd35b7eff91a5249d36d64b43a37a9e3277557157c45230cdb93e8d536,"315",Blaetterglueck,Fabio,Butsch,m,2011-06-15,"0395/50007504",,fabiobutsch@bestmail.none,"0601 0000 0128 5504","12/91",American Express
2,I,0xf5f7dda384ad6e27162412c10b6c41480a9d76fd8ef8269cad2a6d25ced7a7ec,"327",Ruhrmorig,Thankmar,Gomez,m,1960-01-31,"06202/79379640","0160/7340250",thankmar-1960@company.none,"6500 1000 0326 5380","06/13",Mastercard
2,I,0x586c06e895a3c9b42185a337cfbf60ee862b43408a82623d42ce98d6eef87e9a,"321",VolleRose,Hansjürgen,Siebers,m,1928-05-02,"06432/35397987","0155/4730091",hansjuergen.siebers@web.none,"3400 7600 0709 7670","04/99",VISA
2,C,0xe8562e5caf8e41bcd839eecfa3942e04db177c4b4e931bcfef84f74632bf1a06,"10",Druff1848,Elgine,Röhrle,w,1912-03-22,,,elgineroehrle@quickmail.none,"0000 8487 0962 1400","08/17",Mastercard
2,C,0xe3a2d637bc91348661e2e426b1cc02bfa1d3efbcffcea0456f86c95349763b31,"107",GlückAuf,Walter,Thier,m,1951-12-31,"07157/85249796","0165/4543863",walterthier@web.none,"0000 6425 0800 2000","12/10",American Express
2,C,0xc5e13d93f9d284e29b465478951510599a152af7b530d9c6a9961c59b3f71743,"115",,Iman,Demirel,m,2015-10-10,"06727/63554870","0169/1290925",idemirel@net-mail.none,"0000 0778 0608 9600","07/03",Mastercard
2,C,0x7d7f78046c0caebb341f6996c7dda07897a665914281ed14ade34b78530e44eb,"118",,Edeltraud,Hardt,d,2005-04-15,"02663/46415610","0177/3655143",edeltraudhardt@quickmail.none,"0000 3773 3692 6400","03/20",VISA
2,C,0xe043a17e174e1878f6ab0970cad4d2c921d5630e19a64b1a0d01224fb033cf94,"12",,Elgine,Tams,w,1981-09-14,"06674/61178929","0174/9706169",elgine-tams@anymail.none,"0000 3182 0640 3800","01/10",VISA
2,C,0xdcdf5edda457470c7f00cf8255c77eca7ba947adb953958ab73898fb61e16b57,"125",WochenendGLück,Eileen,Poppinga,w,1962-03-19,"07531/8313514",,eileenpoppinga@anymail.none,"0000 4558 5501 3000","10/13",Mastercard
2,C,0xf0a52593f44bf44383821ded469f88f4bdf77463d87f618b2beb5563cf2b8f30,"13",VolleRose,Lana,Soika,w,1915-11-11,,,lana_soika@bestmail.none,"0000 5310 0900 0000","01/01",VISA
2,C,0x293b4de5a8fe28a33b0f48dbec54ecc13799b95d1a89f911a0df65b486d94a92,"138",WochenendGLück,Doris,Köhnlein,w,1943-11-06,"02685/89713045",,doris_koehnlein@retromail.none,"0000 9850 7500 9400","06/20",Mastercard
2,C,0x8349c8687f8edd837979f55f826ebb1a8e5119edaf3229e62d589dc036877668,"16",VolleRose,Alinde,Rühling,w,1975-03-10,"05905/19958701","0150/3217238",a-ruehling@bestmail.none,"0000 1551 1519 1900","07/01",Mastercard
2,C,0x761d0ab9feb41c7940c431122270bd9fc4589fe79eceb95eed7f23c15011c5eb,"218",,Dörthe,Doll,w,1934-12-19,"02235/98283187","0162/5029834",d1934@domain.none,"0000 0369 4500 6500","09/96",Mastercard
2,C,0x61b95c0783c2276ee42ed026fd80c63b7692834c5a3af8343ca69a8af79d042f,"261",VolleRose,Fridolin,Fisch,m,1921-03-27,,"0154/7847161",ffisch@quickmail.none,"0000 3829 0501 0100","07/20",Mastercard
2,C,0x9c8569ab38b492c8a31fc86b8228fda489c8fba9e0f9389379d918ab10860ecb,"272",,Ilsemarie,Küstner,d,1920-01-17,"02192/85028179","0158/1251956",ilsemarie-kuestner@goggle-mail.none,"0000 2151 0500 1500","03/12",VISA
2,C,0x4eff1e7725f9af60369ff983e9c78204be337ca8c72772aba08f985552702cd0,"273",Druff1848,Beate,Sigg,w,1918-10-02,"07533/97143005","0171/5530010",beate_sigg@spam-mail.none,"0000 1162 2515 5000","10/14",Mastercard
2,C,0x18ba54b5632acdf09db316f1c3aa99b2640e98a0517e5966e8a67baee2476b46,"28",Ruhrmorig,Carola,Ostermeier,w,1905-10-07,"06551/50428822","0171/3461070",c-ostermeier@justmail.none,"0000 7968 4522 9000","07/93",Mastercard
2,C,0xc05c7c0a2e633f1b5c5bebf95c463bef1b7a8155f897f4864f53fe3f96f1039c,"6",,Leoni,Peuker,w,1976-11-05,"06542/8898003","0158/7935398",leoni_peuker@justmail.none,"0000 7985 0501 0000","12/05",American Express
2,C,0x3a63d3c9f73e517d10c917b1cfc1a54d11b52e92ba9453efb76817fcd581be93,"7",Blaetterglueck,Bettina,Pilgrim,w,1967-01-25,"04533/19946621","0163/9688384",bettina-pilgrim@anymail.none,"0000 0225 6916 3300","06/13",Mastercard
2,D,0x,"70",,,,,,,,,,,
3,I,0xf2d8510a8ec61dbeddd74e9835d063f7197ba8e6c09673c25f26306aa0dd75a2,"362",Druff1848,Klotilde,Schaak,w,1952-02-28,"04189/35139520","0179/9682344",kschaak@company.none,"2516 3000 0515 7250","05/12",American Express
3,I,0x08177c758851760e6a5e46dd583fc2aee3e3d69e17f511eeda3a031fe71eec7b,"368",GlückAuf,Lerke,Brettschneider,,1943-02-26,"06243/33568392","0171/2286379",lerke_1943@net-mail.none,"1900 8200 0655 7460","07/17",Mastercard
3,I,0x0e7cbfd2081e6780d1aa377327a6ecb7b5c13dc5514c472c45c547979f652024,"409",Abendröte,Lena,Brandenburg,w,1945-01-03,"09081/92704345",,lena-brandenburg@goggle-mail.none,"3600 3300 0764 3410","01/17",VISA
3,I,0x29240d9941cef60628b042a13bfde4bda25325d5f84d6a346b51ef0c01052237,"379",,Bertwin,Pape,m,1944-12-01,"04321/83370480",,bertwin.pape@anymail.none,"0800 8500 0186 4149","03/03",VISA
3,I,0xf0c26c2d8d6f4d174f4db03851cd4e33d276c232c6ba8765f598219a886b88bd,"376",,Ingomar,Schöffel,d,1985-02-04,"09193/22982275","0168/4745009",ingomarschoeffel@company.none,"0400 0000 0712 1960","09/94",Mastercard
3,I,0x8edc624f98e5aeceb52a08131f62d3f6a02f5992b29c9ea6430fcd78b1d3d658,"385",,Giselher,Lüke,m,1999-04-12,"02654/63473903",,g.lueke@lovemail.none,"0695 5900 0820 3729","12/20",American Express
3,I,0xe6fe18255f8cc9392c107d875d33d29028bfa3434481e29cd3d2bf98b9805657,"354",,Albin,Kansy,m,2011-07-12,"09366/10730757",,albin_kansy@bestmail.none,"0505 0500 0362 8429","12/19",American Express
3,I,0x80c1282a605299b4b6f4a2190f01c50c07b7e136d28cf565f96d201f0528d65a,"404",GlückAuf,Tankred,Lübbers,m,1922-05-13,"09003/14219378","0173/9658296",tankred.luebbers@bestmail.none,"0537 2200 0814 0246","10/19",Mastercard
3,I,0xb5c05c24dc5c69bd12dd4d8f3db9e821260a21dc619369c9cde1c4c4ea6e0794,"389",,Antje,Behlau,w,2007-04-28,"02651/51353372","0163/5569280",antje.behlau@hoster.none,"0893 2100 0905 7036","10/17",Mastercard
3,I,0x35874e197b16f1aa6886423b1489d0e548af5e2b4f645465c64bf5886cc80e69,"364",,Friedlinde,Häßler,w,1922-08-11,"07945/25748642","0161/7214789",f.22@xyz.none,"1628 9800 0788 2280","10/90",Mastercard
3,I,0x7d3d8a3fca12a569b5e6edfd1617408ec55c47ad1e7fd521ea24548fb91d1744,"378",,Artur,Kahnt,m,1908-04-11,"04173/57997437","0177/5010252",a_kahnt@mymail.none,"0697 1600 0512 0992","03/16",VISA
3,I,0x4b1ed95dd76818d3325d7edb971ca776cefcdf1f76243de65b4b71e86097ce18,"401",,Martha,Mustafa,d,1933-05-23,"07172/91750688","0175/4781896",marthamustafa@email.none,"2101 5500 0673 2550","09/09",Mastercard
3,I,0x199d6d512d12461168e2fb440ed252620eb18217f7e013df52e2a03ed862dcc6,"399",,Reginhardt,Roberts,m,1952-10-27,"06381/73988479","0178/6962734",reginhardt_52@private.none,"5601 0300 0254 7790","07/13",Mastercard
3,I,0xc3a479fcd6cf80d63531b6d06bae959b99f7a741bad6887b6603d4a99149fd44,"377",VolleRose,Adelgund,Kögler,w,1991-06-11,"0281/39738619","0151/8985349",adelgund-1991@bestmail.none,"3400 5800 0955 2420","05/15",VISA
3,I,0x16322f9fea3d537780e52432c0ea3dcaa767cf1a3b0a9b883d1772cefb2ad5d3,"359",,Levin,Heitz,,1981-04-12,"08034/17503780","0160/8730766",lheitz@live-mail.none,"0502 0100 0649 2687","01/96",VISA
3,I,0xb2ab45d7752e768dfb0dc87ad9b06d65e7e13e7903411335d1448506ba8dac2a,"397",,Ornulf,Bischoff,m,1970-08-21,"06751/10925336",,o-bischoff@ultramail.none,"8624 5100 0454 7890","09/06",Mastercard
3,I,0xb8c957ebb05e22dde6e692030a4d8ac2ac7ec78fa87eac4455951c788227acc2,"382",,Jacqueline,Oelkers,d,1929-05-28,,"0152/9034638",jacqueline.oelkers@ultramail.none,"0614 2500 0420 7752","07/06",Mastercard
3,I,0xdf617bdcfe6c87ec7f87aed877adb45bb4b37ae5ce9da430bbb17ab0a04e0e87,"358",Blaetterglueck,Giulia,Seewald,w,1983-05-23,"06341/68060406",,giulia-seewald@lovemail.none,"3923 0000 0784 2310","04/19",VISA
3,I,0xc3ac5e252a5cb7cdef05a98402220a00c4b39182379bb69d628a6d1d451d45d7,"365",Druff1848,Clemens,Prien,m,2020-04-25,"03947/32913610","0157/6854268",c.prien@inter-mail.none,"1545 3000 0314 5100","01/99",VISA
3,I,0x4c29a8a55851308f7e508f8732df433382827ad8ac88518a44cd71881d1816cc,"369",,Karlernst,Lausen,,1984-02-04,,,k.84@retromail.none,"5500 0000 0296 0870","03/21",VISA
3,I,0x471205a744eeb454c8fa70eed2b5b66d9ff430fa2bd514da56a1fb1e52339e19,"403",,Edeltraudt,Weiland,w,1944-01-30,"0621/81232205","0172/4446577",edeltraudt.weiland@spam-mail.none,"3900 0000 0750 7620","05/15",VISA
3,I,0x013a762f5f5a4b14813950219548344d98bbf9a4c07b86f07324d31053a14c6f,"393",Morgenstern,Leopold,Utecht,m,2003-02-09,"06597/38194168","0150/2000457",leopold_utecht@mymail.none,"0505 0500 0868 8927","07/15",Mastercard
3,I,0x52782d887c088a1ea2895b192fa56738fc373745a29d788a961b9b76ae333d09,"395",,Alwin,Varga,,1932-09-05,"03907/15395250","0166/1889669",alwin-varga@email.none,"6513 2500 0758 8070","10/00",Mastercard
3,I,0x30b2e20355a93b8252647af71bac0c81247ec803327a44bc05c4200ec4124dfe,"380",,Hellfried,Cetinkaya,m,1991-08-13,"08245/40443700","0166/8205625",hellfried_cetinkaya@ultramail.none,"5600 6000 0526 0330","08/08",Mastercard
3,I,0x19713d89bdcbdacc6e62f02ee2d4b26b2cc9fbb8fa51a0ed4950c59d0cf9ca60,"386",WochenendGLück,Marli,Ellwanger,w,2007-04-28,"06249/76725209","0156/8489591",marli_ellwanger@ultramail.none,"1900 0000 0603 2670","07/20",Mastercard
3,I,0xb0bea03d592224f3ba31d94ab57455366d3a05c356d771bb77385359a8013d71,"370",Morgenstern,Corbinian,Rudel,m,1972-05-13,"04881/29290328","0155/2199729",corbinian_rudel@domain.none,"0695 3800 0068 2486","02/03",VISA
3,I,0xe0ee7aaddc5102776d2f3049983e8259240f67aaf99a0eed3e7689f41fcb9cc6,"352",,Winand,Paus,m,1929-03-25,"05771/52564417","0170/1181752",w.paus@xyz.none,"5700 6100 0383 2200","08/12",American Express
3,I,0x90c6f00b36e9644b9eea56d38749c792379a58e84ea208f426283f9c18e41015,"387",,Astrid,Robinson,w,2018-10-25,"06184/40304980",,astridrobinson@domain.none,"0500 0000 0682 9677","10/06",Mastercard
3,I,0x31a7f93bfc7878fc8c88f6bfa646889d3e7d6a6e1209f3bc7c8382fbba0c7e8f,"384",Blaetterglueck,Hansgerd,Wüstner,m,1943-02-19,"08456/2714722","0173/5622090",h_wuestner@live-mail.none,"1500 0000 0835 8920","12/20",American Express
3,I,0x52c3cca3845a1cb88a68110f39c2ed6de90b6c0e0f0028285dbd54e3dbba9329,"373",WochenendGLück,Ludwig,Hachmann,m,1972-06-06,"08841/50859717","0153/5903606",l-hachmann@quickmail.none,"0700 2800 0280 3760","11/84",American Express
3,I,0x5b9d5c30024a9cc73564a63aeae6c70a8ca280d5c3ff1618d7c774e66f8f480d,"375",Druff1848,Tiburtius,Gründler,d,2010-03-01,"0331/18400873","0162/4865909",tiburtius2010@quickmail.none,"0300 0100 0558 4201","02/98",VISA
3,I,0x40830987bc4b55b30b7c35bcb0dacab720970c3bf7927135a29d4b4c70c6c2e4,"408",,Gismar,Krügel,m,1988-09-20,"04155/8025729","0176/3716716",g-kruegel@goggle-mail.none,"3901 3000 0756 0270","10/11",American Express
3,I,0xe41df02ea6b652d8813020ac796e4f836ef2642677edf783c14d014dfddf87e6,"383",Morgenstern,Wastl,Griesbeck,,2002-02-01,"06525/23054160","0159/5555562",wastl-02@inter-mail.none,"4500 6500 0582 4450","05/99",VISA
3,I,0xff0bc86e44221dcc76c5e00db32799d4fe2057849a30bf9c9d674c319a8858e5,"367",,Bianka,Weinmann,,1927-04-08,"06382/79238033",,bianka_weinmann@funmail.none,"7625 5000 0467 5020","12/07",Mastercard
3,I,0xfac3abdcc56f13cb629f6b84b97ea3786ea394bf4e16650c2039c33e057f84c9,"398",Druff1848,Arnulf,Schug,m,2003-11-23,"02644/47461359","0152/4202682",aschug@domain.none,"1900 0000 0649 9490","09/09",Mastercard
3,I,0xd265fde19aaee108b9aa2e7a8f34353181d996a7a73ff6b66f356e277ddd3cf2,"357",Morgenstern,Hansgerd,Kimpel,m,1986-09-09,"06343/2588666","0158/1758679",hansgerd_kimpel@hoster.none,"0700 2000 0018 5758","04/14",VISA
3,I,0xfca37729089e3c9f7d8c9206789afb13154c4d55e947bf84edd082e4f4e22ffe,"371",Blaetterglueck,Heinzkarl,Eren,,1917-08-31,,,h-17@bestmail.none,"5510 2000 0856 8040","06/79",Mastercard
3,I,0x0e68fa4ef52917a96695ff34c0bc3ba6bbea4b1310539b146e06511b39b089fc,"410",,Karina,Wust,w,1989-04-02,"06762/3144274","0179/8167911",k_wust@email.none,"0100 8500 0920 2127","10/09",Mastercard
3,I,0x82c34f4f4258db6426080e869050ceb1ebcfe1543dfcb8c656dd24eba39ebd13,"390",VolleRose,Horstmar,Worms,d,1979-12-28,,"0179/2274403",horstmar-worms@anymail.none,"0905 0000 0979 9862","04/11",American Express
3,I,0xaf4a1a6860c55449ac62c770298463ed008eaa0b25c47fb9ac152da2170ef340,"405",,Laurenz,Schill,m,1944-07-31,"02772/60752478",,laurenz_44@kitty.none,"3646 8900 0511 0030","02/07",Mastercard
3,I,0xe76ec6c8e2c56001d26c8c4daf5f8190704f8a24a350de248803315d8a5217ce,"406",Morgenstern,Friedrun,Fingerhut,w,1980-09-14,,"0170/2099341",friedrun80@email.none,"7500 0000 0985 0720","02/15",VISA
3,I,0x06b16dba80ad475eb74a326feb8d39574e90c4dde77e9c8a9fde2f1ec2cf29ff,"356",,Hildemar,Schneemann,m,1943-10-07,"04394/96181715","0168/8040365",h-schneemann@anymail.none,"4601 1700 0882 1030","01/20",VISA
3,I,0x7af7f4c8569dead1570a937fb0a65a84d3968d197d2a20770c175c2699be576a,"360",WochenendGLück,Heinolf,Hennrich,m,1965-08-14,"07131/42948428","0168/1709119",heinolf-hennrich@live-mail.none,"1641 4900 0178 0040","01/20",VISA
3,I,0xf7398e72c97721c746198f5b1bae848c01ec9c8e84fd14ce612bb21ff320fdad,"381",GlückAuf,Eckehardt,Limberg,m,1996-07-04,,"0174/2242610",eckehardt.limberg@validmail.none,"2700 2400 0005 2050","02/05",VISA
3,I,0x6f4dfcca159f95428c2123ff6ad5eadb893731e6abe30ff8a1011b6bb367f407,"372",,Almtrud,Freiberg,w,1952-02-29,"0234/32878438","0175/5627217",almtrudfreiberg@hoster.none,"6621 5500 0593 9950","01/09",Mastercard
3,I,0x650ae7bf7858416c8e9bd352a0d8f050d9dcbf12d36d7efbeb5af3091c660d11,"402",,Katharina,Rentz,w,1997-05-10,"06563/11914679","0174/9812750",katharina-rentz@lovemail.none,"0505 0000 0337 8867","10/02",VISA
3,I,0xdd9cc5226424d6370aae7d38ab6a4775da18450485d53eaea356659547d59e91,"374",,Tom,Grotz,m,2020-07-25,"09083/94412338","0157/9859620",tom.2020@spam-mail.none,"8643 2200 0056 4080","06/12",American Express
3,I,0xb3a7f7fbc870b1b47ca8dbe475ddefa6b13848d3690af10da51d3afb389a1420,"353",VolleRose,Fridegund,Lawson,w,1984-08-11,,,f_lawson@domain.none,"0516 2000 0862 1252","01/90",VISA
3,I,0xa976f1beae370e830936553dfd64e560339fe787a839649e3859132db9520969,"392",,Stanislaus,Groneberg,m,1917-09-11,"07666/98231733","0152/1111333",stanislaus_groneberg@email.none,"2517 5500 0792 0450","09/13",Mastercard
3,I,0xb549c06857714a0385545b26f54f1c44747b1412e98e44749e93a3505f431e54,"388",Druff1848,Annely,Friedrichs,w,2017-05-28,"04859/53838709","0153/9289221",annely_friedrichs@ultramail.none,"2510 2000 0429 6380","06/19",Mastercard
3,I,0x3cb730dd0c790c4bb3d9c79dcd9b7f946acddce3afe954da379eee5fea0677c4,"394",Blaetterglueck,Annehilde,Böll,,1964-11-26,,,annehilde_boell@company.none,"6512 4000 0106 0740","06/84",Mastercard
3,I,0xf6d955f1290d8058712eb5ad9285daa04d921e057bcb5d88befb455ca9ffcb0e,"355",GlückAuf,Edeltraud,Balser,w,1922-03-01,,"0170/4650526",e.balser@open-mail.none,"0500 0000 0209 1298","05/14",VISA
3,I,0x08d2894ca8408b89e20c98ffff961108d1f71de7a2e96a4f45c01d987925c2ad,"351",VolleRose,Richard,Ruprecht,m,1963-12-29,"04454/13284773","0154/3688785",richard.1963@spam-mail.none,"0693 2900 0222 1333","01/21",VISA
3,I,0x18d7a54fe277589b3d10c29eb325710306a924daa25a39f04fc31fb8f836e0fb,"391",,Edelfried,Claßen,m,1954-08-14,"04346/89593696","0178/8561489",e.classen@web.none,"2617 0000 0384 0930","04/93",VISA
3,I,0x60846adac04489a6716daf6457922b9af20d7da39f5f9abe364e1f3b97bc1417,"361",,Lothar,Morgenroth,,1907-08-26,"08705/42300470","0177/5845391",lothar.morgenroth@net-mail.none,"2600 8200 0609 7750","01/88",VISA
3,I,0x8e609c1600a144ea264947f89c566fce3e9e4608cfa9e1a4da9437cd79fe4f7f,"396",Abendröte,Wilfrid,Ryll,m,1973-05-11,"08133/46044403","0175/6471838",w.ryll@inter-mail.none,"0697 0700 0024 3758","07/19",Mastercard
3,I,0x57e400d9943bef66dddfda35e187ecb89ce9b8b26b6f71336427e51fbfe05821,"363",,Wichard,Adolf,,1967-07-17,"05332/42298962","0162/2365001",w_adolf@goggle-mail.none,"0700 1000 0234 1368","08/78",Mastercard
3,I,0xbd38132e71fffa0b455fe33a5df7ffd0ae38d4aeef0dab5fadc5504befd27a2d,"407",Blaetterglueck,Tabea,Zender,w,1993-02-05,"02681/7396061","0167/2266398",tabeazender@bestmail.none,"0501 0100 0967 0118","09/17",Mastercard
3,I,0x12f5c6bbd9148b86dd8ee82a784c47e189469cc35d44f16d53c0a01c6be97c73,"366",,Emma,Reiner,w,2011-12-04,"02653/97936088","0163/5259630",ereiner@mymail.none,"0602 0800 0647 7772","10/92",Mastercard
3,I,0x3f2c32bda5af87d9650d0afc0363fadf91bd12698787aec8732f1bb3d3e7d0ba,"400",VolleRose,Waldtraud,Welzel,,1932-08-05,"02566/49317425","0167/9849539",waldtraud-32@live-mail.none,"0940 5400 0257 7978","02/11",American Express
3,C,0x796d6f2851820b4bb7e945a6d9741774d2d4b2d2a288bf5005e4559f426ab69b,"107",GlückAuf,Waltraud,Thier,w,1951-12-31,"07157/85249796","0165/4543863",waltraudthier@web.none,"0000 6425 0800 2000","12/10",American Express
3,C,0x4af02d7bfc5a460ca3f1ddd41c77d8d00cfd98e8ae4865aa12acc39023aa3848,"109",Morgenstern,Elrike,Buchheim,w,1977-05-13,"04153/5921214",,elrike_buchheim@goggle-mail.none,"0000 8426 6600 6000","08/19",Mastercard
3,C,0x00bfe1266782eca16e5dfc493975bd0feff71a3822c00602ab2757e08e13ec97,"113",,Lotta,Wüstefeld,w,1964-01-08,,,l_wuestefeld@lovemail.none,"0000 7547 2601 2100","11/14",American Express
3,C,0xc65a4ff9bc5d2443c7399202112420e794fcd8ea98f9c3d8462d8237bba3d6b6,"12",VolleRose,Elgine,Tams,w,1981-09-14,"06674/61178929","0174/9706169",elgine-tams@anymail.none,"0000 3182 0640 3800","01/10",VISA
3,C,0xeead3112a35418c6c27bf5911f673b672b755c87ca22525deede4c3f1dc581b2,"122",Morgenstern,Jessica,Reißig,w,2009-06-22,"04305/43834509","0170/8475308",j.reissig@validmail.none,"0000 7636 0800 8000","08/05",Mastercard
3,C,0x1ac0030d7842e0df2941cf54db31d0cc9f3dffe2e018e77bd5588664510446e0,"126",,Gottwald,Lustenberger,m,1936-07-05,"06563/44424869","0160/5202612",glichtenberger@inter-mail.none,"0000 1776 0694 6800","08/19",Mastercard
3,C,0x747fe04f0e5fe8852b8f6da6dfc5d53a23004fef3d41dd5b4f75ec6063007ef0,"13",,Lana,Soika,w,1915-11-11,,,lana_soika@bestmail.none,"0000 5310 0900 0000","01/01",VISA
3,C,0xd852cfd073825ceb3a134d94e5b2c87174f51fad5fde74a7e6c8544eca29d4a2,"130",,Arnfred,Juhnke,,1932-04-16,"05364/11267894","0160/3171276",arnfred_juhnke@lovemail.none,"0000 4114 0613 0800","08/04",Mastercard
3,C,0x61eca23539dbf83c0a2d139400903fac44d50023352cc335a62d569e08f73b78,"135",Morgenstern,Holk,Wilms,d,1958-01-14,"07243/1270334","0174/7421839",holk-wilms@company.none,"0000 7929 2657 4700","01/17",VISA
3,C,0x370f9efcb9a919169fe5b75f1e9c622fe80ab7fdaca6b67f5802f44dd340c1dc,"148",Morgenstern,Loremarie,Kocks,w,1921-04-09,"030/45007487","0176/2970079",loremarie.21@inter-mail.none,"0000 2172 0690 3600","06/06",Mastercard
3,C,0x472e9e47af5bbe6773046c2fa8be40b556def5cf8922b31a00eb303aa8ce81ac,"149",Blaetterglueck,Erk,Graber,m,2008-03-16,"06371/31100223","0179/9029001",egraber@lovemail.none,"0000 4815 0505 0000","03/09",VISA
3,C,0x80a41726b96cffb908bf794fa2e29846fedcfd58104a1aad1f78ed2d403a7049,"16",GlückAuf,Alinde,Rühling,w,1975-03-10,"05905/19958701","0150/3217238",a-ruehling@bestmail.none,"0000 1551 1519 1900","07/01",Mastercard
3,C,0x7f101bf2062e1d498e5ab4f552508b84d786043ee6cec812ec4c63af795e6179,"161",Morgenstern,Schorsch,Moreno,m,1909-06-25,,"0152/1663892",schorsch_moreno@web.none,"0000 8153 0932 0000","07/16",Mastercard
3,C,0x015196154ccc5bab0ab4c9294ff223eb7c46351d519c91f2dfef8e1e89680029,"165",,Kristiane,Ahr,w,1960-12-02,"06550/60305867","0150/2417499",kristiane-1960@lovemail.none,"0000 1024 1628 9800","12/14",American Express
3,C,0xe3dc6836860129e60afa328b8626e3deadf3b5a948417d71cf0e9b8b8f1d437f,"174",Morgenstern,Antonie,Juraschek,w,2009-05-01,"08654/32494493","0158/7010623",antoniejuraschek@goggle-mail.none,"0000 9772 0693 0800","09/05",Mastercard
3,C,0xe44a68219592c325111275a565388b86d50df059725fc6cc9072cf8e35048806,"18",Morgenstern,Annetrude,Lühr,w,1921-07-26,"07844/17363580","0154/1485056",aluehr@retromail.none,"0000 7772 1697 6400","02/19",VISA
3,C,0x7a7e4d2eb76121e9244027535cf8378ee22c692cc8ee93d3a531afc23ef42a3f,"187",Morgenstern,Hansjürgen,Dirks,m,1985-07-22,,"0179/8784231",hansjuergen_dirks@goggle-mail.none,"0000 6261 2612 1300","11/20",American Express
3,C,0xad45b109e1d579e313588c59ed240f2ab851beea36b6955b28f3f76676f074a0,"199",,Rothmund,Kuhnen,,1902-09-07,"07132/44393503",,r-kuhnen@lovemail.none,"0000 0850 0305 0000","11/13",American Express
3,C,0x4be55e268462a2d4ef00795ee99b6822041d71505293e789c8d46da52a373cab,"200",Morgenstern,Wiltrud,Conrady,w,1969-10-02,,"0176/7880227",w.conrady@domain.none,"0000 0560 0695 9500","04/10",VISA
3,C,0xe3d574bf24f283b451928424ea0393537d7583a82acf460c93f0684ef110555c,"213",Morgenstern,Joelina,Munoz,w,1940-06-28,"07251/35609654","0155/4496691",joelina1940@xyz.none,"0000 8370 1633 7000","11/15",American Express
3,C,0x38bff961f9f7e24e3d3ac4bf6ff9f17b83693249985d9b1232503fd3a525c2e2,"226",Morgenstern,Rico,Cunningham,m,1912-11-04,"0621/59106356",,rico-1912@goggle-mail.none,"0000 2820 0300 0000","06/15",Mastercard
3,C,0x03150921fe445ea599f019a8a7cb174ce39f5f25187fb55f7a67bcd0648085a6,"239",Morgenstern,Waltraut,Biel,w,1921-08-05,"04821/61590218",,waltraut-biel@mymail.none,"0000 6350 8500 4900","08/19",Mastercard
3,C,0xa8f0f92eb017d0f8e887c720cd6767cf3f138d42cd9befe709464fa049aa242d,"252",Morgenstern,Sieghart,Thönnes,,1969-06-02,"06564/68593845",,sieghartthoennes@open-mail.none,"0000 3751 0700 2400","07/13",Mastercard
3,C,0x4679eb20ad366247e5ca7c29e34a3e7bd6d297ba403ab3dce7d0d794f64ed537,"265",Morgenstern,Dagobert,Stucke,m,1986-08-25,"06435/1608303",,dagobert.stucke@inter-mail.none,"0000 1728 0672 5700","06/19",Mastercard
3,C,0xc822744fcb0a07cda1084b53fa71da0534e212ec13617d524718aa865069eaa8,"268",WochenendGLück,Adeltraut,Heinisch,w,2005-03-29,"02984/16310999","0157/6154914",adeltraut-heinisch@lovemail.none,"0000 2868 0900 0000","07/86",Mastercard
3,C,0x6283e45a596d4a8e0e72aa8e1bfc1792d01feaf936baf9d0be2ffb0c3f4d6555,"278",Morgenstern,Willmar,Goeke,,1999-01-30,"030/21998343","0159/4854445",willmar.goeke@anymail.none,"0000 4075 0500 0000","09/00",Mastercard
3,C,0x5a87c57e1e39a2b7853137d62842774d1a033536d77bd3826d74d332afc86b29,"28",Morgenstern,Carola,Ostermeier,w,1905-10-07,"06551/50428822","0171/3461070",c-ostermeier@justmail.none,"0000 7968 4522 9000","07/93",Mastercard
3,C,0x083014e880fb2d9930ca1420733fb23eca9b3e07d921811add839e7a3ca9eade,"282",,Ira,Harmon,,1902-03-08,"0234/7063961","0169/2362650",ira-harmon@lovemail.none,"0000 9060 2500 1000","11/13",American Express
3,C,0x35ff8edffc8c828dae39851b451d641616d3f663f128aebf0d00060f8be2f650,"291",Morgenstern,Noel,Sprick,m,1934-01-18,"06047/18166244","0162/5786957",noel_sprick@retromail.none,"0000 1051 8500 7900","09/06",Mastercard
3,C,0x56fd354816a3db50d52f4ae9bc23fd06f9a6164028778e8e61e7641ecba60b4f,"301",Morgenstern,Theodeline,Böhlke,w,1981-08-07,,,theodeline81@mymail.none,"0605 9200 0131 0597","10/16",Mastercard
3,C,0xe01f3a9e361789dae3a36133efe2e2bdbe5d126838a8084fb5800b1b57b1f221,"306",Druff1848,Kassandra,Lüneburg,d,2010-11-13,"05923/73379841","0169/6906294",kassandra.lueneburg@lovemail.none,"4922 0000 0374 9970","05/17",VISA
3,C,0xd47b38654209cf98086286c440fda655f28aa4e2a57a2370774a1d9bc7a676be,"31",Morgenstern,Reinhold,Baisch,m,1960-08-04,,"0159/9950654",rbaisch@retromail.none,"0000 0779 3530 9000","07/18",Mastercard
3,C,0x1269a758fea66b12979e4ed1612e465364f44d29df8a33f2fd28caadf8d0b563,"314",Morgenstern,Amelie,Riede,w,2004-08-26,,,amelieriede@open-mail.none,"1500 0000 0350 4480","04/18",VISA
3,C,0x6496da0934337d09585aa583473ee3d8a25df48834b466b12de429ed24726a30,"323",,Simpert,Höing,d,1998-10-21,"07195/1739328",,simpert.hoeing@lovemail.none,"0961 2400 0292 2672","09/01",VISA
3,C,0x89a080315fd65845f3c6bfea684729dcf2e3879e3cbf49994be3534dc452f347,"326",,Herwald,Wetzig,m,1969-04-12,"07171/98503941","0158/5685992",h.wetzig@lovemail.none,"0400 2800 0808 0412","04/03",VISA
3,C,0xbce4c2f7245ded457aad144c57f3ca2b3ca4bbbc0522ef347170eadfb38a387c,"327",Morgenstern,Thankmar,Gomez,m,1960-01-31,"06202/79379640","0160/7340250",thankmar-1960@company.none,"6500 1000 0326 5380","06/13",Mastercard
3,C,0x98497c2cc93990f46fa1caa043ce26a4c3b5b6713a2ee3dff9977f4e8342d137,"40",,Heideliese,Reifenrath,w,1952-09-01,"0671/57677112","0158/1393829",hreifenrath@lovemail.none,"0000 4183 0505 0500","08/20",Mastercard
3,C,0x7173496412d03ee624ea7e242a353bbb5e622763cae36fe029d021e4eae65cbe,"44",Morgenstern,Ewalda,Carmen,w,1945-10-10,,"0177/9629711",ewaldacarmen@spam-mail.none,"0000 8567 0700 2400","10/03",Mastercard
3,C,0x9bc574bf2e8d7d6d8341e9b78ceefd5b03759dfa5b42ae5798468413c965b44c,"5",Morgenstern,Pankratius,Eichberger,m,1973-12-01,,"0167/3312963",pankratius.eichberger@open-mail.none,"0000 2350 9612 0600","11/16",American Express
3,C,0xaa7884ef21001f66e480e288681ce9ea7b460cda656b1513f4b6e052c6d886b2,"57",Morgenstern,Otfried,Hopf,d,1925-06-05,"02692/94777741","0175/4106280",o1925@web.none,"0000 6228 0698 7800","07/18",Mastercard
3,C,0x247f400db8982e25b9ae2243acf923a888cc312c61950e6ed137cb4df681283e,"64",VolleRose,Reni,Eppler,,1903-04-29,"0203/66929082","0175/3210841",reni_epp@kitty.none,"0000 0955 0912 0000","06/10",Mastercard
3,C,0xc4e35dafa16f68bc955800ebb91609c86c568b63aa484dabe74c493f2f1f8c43,"83",Morgenstern,Diethart,Detlefsen,m,1907-02-13,"0228/39047774","0171/7845678",diethart-07@retromail.none,"0000 1787 0540 0000","11/12",American Express
3,C,0xd02df62c2a79402aa569fae4915fa907e84294825977382a0918d6cb08f0eaf3,"96",Morgenstern,Rotraud,Steimle,w,1914-05-02,"02402/49777479","0152/6733217",rotraud_steimle@lovemail.none,"0000 0210 0700 2400","06/03",Mastercard
